{
		"textures": {"2": "block/red_shulker_box"
	},
	"elements": [{
			"name": "Side", "from": [4, 0, 11], "to": [6, 1, 12], "rotation": {"angle": 0, "axis": "y", "origin": [8, 0.5, 8]}, "faces": {
				"up": {"uv": [13, 15, 15, 16], "rotation": 180, "texture": "#2"}
			}},
		{
			"name": "Side", "from": [10, 0, 11], "to": [12, 1, 12], "rotation": {"angle": 0, "axis": "y", "origin": [8, 0.5, 8]}, "faces": {
				"up": {"uv": [13, 15, 15, 16], "rotation": 180, "texture": "#2"}
			}},
		{
			"name": "middle", "from": [6, 0, 5], "to": [10, 1, 9], "rotation": {"angle": 0, "axis": "y", "origin": [8, 0.5, 8]}, "faces": {
				"up": {"uv": [6, 6, 10, 10], "rotation": 180, "texture": "#2"}
			}},
		{
			"name": "Side", "from": [10, 0, 5], "to": [13, 1, 9], "rotation": {"angle": 0, "axis": "y", "origin": [8, 0.5, 8]}, "faces": {
				"up": {"uv": [13, 4, 16, 8], "texture": "#2"}
			}},
		{
			"name": "Side", "from": [6, 0, 2], "to": [10, 1, 5], "rotation": {"angle": 0, "axis": "y", "origin": [8, 0.5, 8]}, "faces": {
				"up": {"uv": [8, 13, 12, 16], "rotation": 180, "texture": "#2"}
			}},
		{
			"name": "Side", "from": [3, 0, 5], "to": [6, 1, 9], "rotation": {"angle": 0, "axis": "y", "origin": [8, 0.5, 8]}, "faces": {
				"up": {"uv": [13, 4, 16, 8], "rotation": 180, "texture": "#2"}
			}},
		{
			"name": "Side", "from": [6, 0, 9], "to": [10, 1, 12], "rotation": {"angle": 0, "axis": "y", "origin": [8, 0.5, 8]}, "faces": {
				"up": {"uv": [8, 13, 12, 16], "texture": "#2"}
			}},
		{
			"name": "Corner", "from": [10, 0, 2], "to": [13, 1, 5], "rotation": {"angle": 0, "axis": "y", "origin": [8, 0.5, 8]}, "faces": {
				"up": {"uv": [13, 13, 16, 16], "rotation": 270, "texture": "#2"}
			}},
		{
			"name": "Corner", "from": [3, 0, 9], "to": [6, 1, 11], "rotation": {"angle": 0, "axis": "y", "origin": [8, 0.5, 8]}, "faces": {
				"up": {"uv": [13, 1, 16, 3], "rotation": 180, "texture": "#2"}
			}},
		{
			"name": "Corner", "from": [3, 0, 2], "to": [6, 1, 5], "rotation": {"angle": 0, "axis": "y", "origin": [8, 0.5, 8]}, "faces": {
				"up": {"uv": [13, 13, 16, 16], "rotation": 180, "texture": "#2"}
			}},
		{
			"name": "Corner", "from": [10, 0, 9], "to": [13, 1, 11], "rotation": {"angle": 0, "axis": "y", "origin": [8, 0.5, 8]}, "faces": {
				"up": {"uv": [13, 13, 16, 15], "texture": "#2"}
			}},
		{
			"name": "Side", "from": [6, 11, 1.5], "to": [10, 13, 2.5], "rotation": {"angle": 0, "axis": "x", "origin": [8, 8, 2]}, "faces": {
				"south": {"uv": [8, 13, 12, 15], "rotation": 180, "texture": "#2"}
			}},
		{
			"name": "Side", "from": [10, 4, 1.5], "to": [12, 5, 2.5], "rotation": {"angle": 0, "axis": "x", "origin": [8, 8, 2]}, "faces": {
				"south": {"uv": [13, 15, 15, 16], "rotation": 180, "texture": "#2"}
			}},
		{
			"name": "Side", "from": [10, 12, 1.5], "to": [12, 13, 2.5], "rotation": {"angle": 0, "axis": "x", "origin": [8, 16, 2]}, "faces": {
				"south": {"uv": [13, 14, 15, 15], "rotation": 180, "texture": "#2"}
			}},
		{
			"name": "Side", "from": [4, 4, 1.5], "to": [6, 5, 2.5], "rotation": {"angle": 0, "axis": "x", "origin": [8, 8, 2]}, "faces": {
				"south": {"uv": [13, 15, 15, 16], "rotation": 180, "texture": "#2"}
			}},
		{
			"name": "Side", "from": [4, 12, 1.5], "to": [6, 13, 2.5], "rotation": {"angle": 0, "axis": "x", "origin": [8, 16, 2]}, "faces": {
				"south": {"uv": [13, 14, 15, 15], "rotation": 180, "texture": "#2"}
			}},
		{
			"name": "middle", "from": [6, 7, 1.5], "to": [10, 11, 2.5], "rotation": {"angle": 0, "axis": "x", "origin": [8, 8, 2]}, "faces": {
				"south": {"uv": [6, 6, 10, 10], "rotation": 180, "texture": "#2"}
			}},
		{
			"name": "Side", "from": [10, 7, 1.5], "to": [13, 11, 2.5], "rotation": {"angle": 0, "axis": "x", "origin": [8, 8, 2]}, "faces": {
				"south": {"uv": [13, 4, 16, 8], "texture": "#2"}
			}},
		{
			"name": "Side", "from": [3, 7, 1.5], "to": [6, 11, 2.5], "rotation": {"angle": 0, "axis": "x", "origin": [8, 8, 2]}, "faces": {
				"south": {"uv": [13, 4, 16, 8], "rotation": 180, "texture": "#2"}
			}},
		{
			"name": "Side", "from": [6, 4, 1.5], "to": [10, 7, 2.5], "rotation": {"angle": 0, "axis": "x", "origin": [8, 8, 2]}, "faces": {
				"south": {"uv": [8, 13, 12, 16], "texture": "#2"}
			}},
		{
			"name": "Corner", "from": [10, 11, 1.5], "to": [13, 12, 2.5], "rotation": {"angle": 0, "axis": "x", "origin": [8, 8, 2]}, "faces": {
				"south": {"uv": [13, 13, 14, 16], "rotation": 270, "texture": "#2"}
			}},
		{
			"name": "Corner", "from": [3, 5, 1.5], "to": [6, 7, 2.5], "rotation": {"angle": 0, "axis": "x", "origin": [8, 8, 2]}, "faces": {
				"south": {"uv": [13, 1, 16, 3], "rotation": 180, "texture": "#2"}
			}},
		{
			"name": "Corner", "from": [3, 11, 1.5], "to": [6, 12, 2.5], "rotation": {"angle": 0, "axis": "x", "origin": [8, 8, 2]}, "faces": {
				"south": {"uv": [13, 13, 16, 14], "rotation": 180, "texture": "#2"}
			}},
		{
			"name": "Corner", "from": [10, 5, 1.5], "to": [13, 7, 2.5], "rotation": {"angle": 0, "axis": "x", "origin": [8, 8, 2]}, "faces": {
				"south": {"uv": [13, 13, 16, 15], "texture": "#2"}
			}}
	],
	"display": {
		"thirdperson_righthand": {
			"scale": [0.85, 0.85, 0.85]
		},
		"thirdperson_lefthand": {
			"rotation": [90, 90, 0], "translation": [-3.93, -2, -5.29], "scale": [2.02, 2.01, 2.02]
		},
		"firstperson_lefthand": {
			"scale": [0.2, 0.2, 0.2]
		},
		"gui": {
			"rotation": [30, 35, 0], "translation": [0, -4, 0], "scale": [0.5, 0.5, 0.5]
		},
		"head": {
			"rotation": [0, 90, 0], "translation": [0, -29.5, 0], "scale": [2.3, 2.3, 2.3]
		},
		"fixed": {
			"translation": [0, -4, 0], "scale": [0.5, 0.5, 0.5]
		}
	}
}