{
	"credit": "Made with Blockbench, a free, modern block model editor by JannisX11",
	"textures": {"0": "block/anvil",
		"1": "block/stripped_oak_log",
		"particle": "block/anvil"
	},
	"elements": [{
			"from": [7.5, 2, 7.5], "to": [8.5, 10, 8.5], "faces": {
				"north": {"uv": [1, 0, 3, 16], "texture": "#1"},
				"east": {"uv": [2, 0, 4, 16], "texture": "#1"},
				"south": {"uv": [3, 0, 5, 16], "texture": "#1"},
				"west": {"uv": [2, 0, 4, 16], "texture": "#1"},
				"up": {"uv": [0, 0, 2, 16], "texture": "#1"},
				"down": {"uv": [0, 0, 2, 16], "texture": "#1"}
			}},
		{
			"from": [7.25, 0.9, 7.25], "to": [8.75, 2, 8.75], "faces": {
				"north": {"uv": [11, 0, 14, 2], "texture": "#0"},
				"east": {"uv": [9, 0, 12, 2], "texture": "#0"},
				"south": {"uv": [6, 0, 9, 2], "texture": "#0"},
				"west": {"uv": [3, 0, 6, 2], "texture": "#0"},
				"up": {"uv": [0, 0, 1, 1], "texture": "#0"},
				"down": {"uv": [0, 1, 1, 2], "texture": "#0"}
			}},
		{
			"name": "HammerHead", "from": [5.75, 6.75, 8], "to": [8, 9.75, 9], "faces": {
				"north": {"uv": [11, 0.5, 15.5, 6.5], "texture": "#0"},
				"east": {"uv": [0, 0, 0.75, 3], "texture": "#0"},
				"south": {"uv": [0.5, 0.5, 5, 6.5], "texture": "#0"},
				"west": {"uv": [13.5, 0.5, 15.5, 6.5], "texture": "#0"},
				"up": {"uv": [0.5, 13.5, 5, 15.5], "texture": "#0"},
				"down": {"uv": [3, 9.5, 7.5, 11.5], "texture": "#0"}
			}},
		{
			"name": "HammerHead", "from": [8, 6.75, 8], "to": [10.25, 9.75, 9], "faces": {
				"north": {"uv": [0.5, 0.5, 5, 6.5], "texture": "#0"},
				"east": {"uv": [0.5, 0.5, 2.5, 6.5], "texture": "#0"},
				"south": {"uv": [11, 0.5, 15.5, 6.5], "texture": "#0"},
				"west": {"uv": [0, 0, 0.75, 3], "texture": "#0"},
				"up": {"uv": [11, 13.5, 15.5, 15.5], "texture": "#0"},
				"down": {"uv": [7, 9.5, 11.5, 11.5], "texture": "#0"}
			}},
		{
			"name": "HammerHead", "from": [5.75, 6.75, 7], "to": [8, 9.75, 8], "faces": {
				"north": {"uv": [11, 0.5, 15.5, 6.5], "texture": "#0"},
				"east": {"uv": [0, 0, 0.75, 3], "texture": "#0"},
				"south": {"uv": [0.5, 0.5, 5, 6.5], "texture": "#0"},
				"west": {"uv": [0.5, 0.5, 2.5, 6.5], "texture": "#0"},
				"up": {"uv": [0.5, 0.5, 5, 2.5], "texture": "#0"},
				"down": {"uv": [5, 9.5, 9.5, 11.5], "texture": "#0", "rotation": 180}
			}},
		{
			"name": "HammerHead", "from": [8, 6.75, 7], "to": [10.25, 9.75, 8], "faces": {
				"north": {"uv": [0.5, 0.5, 5, 6.5], "texture": "#0"},
				"east": {"uv": [13.5, 0.5, 15.5, 6.5], "texture": "#0"},
				"south": {"uv": [11, 0.5, 15.5, 6.5], "texture": "#0"},
				"west": {"uv": [0, 0, 0.75, 3], "texture": "#0"},
				"up": {"uv": [11, 0.5, 15.5, 2.5], "texture": "#0"},
				"down": {"uv": [10, 9.5, 14.5, 11.5], "texture": "#0", "rotation": 180}
			}}
	],
	"display": {
		"thirdperson_righthand": {
			"rotation": [0, 90, 10], "translation": [0, 4, 2.5]
		},
		"firstperson_righthand": {
			"rotation": [0, 90, 10], "translation": [0, 5.5, 2], "scale": [1.2, 1.3, 1.2]
		},
		"thirdperson_lefthand": {
			"rotation": [0, 90, 5], "translation": [0, 2.75, 2.5], "scale": [1.15, 1.15, 1.15]
		},
		"firstperson_lefthand": {
			"rotation": [0, 90, 10], "translation": [0, 5.5, 2], "scale": [1.2, 1.3, 1.5]
		},
		"ground": {
			"rotation": [45, 90, 0], "translation": [0, 2, 0]
		},
		"fixed": {
			"scale": [1.5, 1.5, 1.5], "rotation": [0, 0, 0], "translation": [0, 3.5, 0]
		},
		"gui": {
			"scale": [1.75, 1.45, 1], "rotation": [0, 0, -45], "translation": [3, 2, 0]
		}
	}
}