{
	"credit": "Made with Blockbench",
	"textures": {
		"1": "block/white_stained_glass",
		"2": "block/black_concrete_powder",
		"3": "item/feather",
		"particle": "block/white_stained_glass"
	},
	"elements": [
		{
			"name": "glass Base",
			"from": [11, 0, 11],
			"to": [14, 3, 14],
			"rotation": {"angle": 0, "axis": "y", "origin": [12.5, 1.5, 12.5]},
			"faces": {
				"north": {"uv": [6.5, 6, 9.5, 9], "texture": "#1"},
				"east": {"uv": [6.5, 6, 9.5, 9], "texture": "#1"},
				"south": {"uv": [6.5, 6, 9.5, 9], "texture": "#1"},
				"west": {"uv": [6.5, 6, 9.5, 9], "texture": "#1"}
			}
		},
		{
			"name": "glass Rim",
			"from": [11, 2.5, 11.5],
			"to": [11.5, 3, 13.5],
			"rotation": {"angle": 0, "axis": "y", "origin": [12.5, 3.5, 13]},
			"faces": {
				"up": {"uv": [6.5, 6, 7, 8], "texture": "#1"}
			}
		},
		{
			"name": "glass Rim",
			"from": [13.5, 2.5, 11.5],
			"to": [14, 3, 13.5],
			"rotation": {"angle": 0, "axis": "y", "origin": [15, 3.5, 13]},
			"faces": {
				"up": {"uv": [6.5, 6, 7, 8], "texture": "#1"}
			}
		},
		{
			"name": "glass Rim",
			"from": [11, 2.5, 11],
			"to": [14, 3, 11.5],
			"rotation": {"angle": 0, "axis": "y", "origin": [12.5, 2.5, 12.5]},
			"faces": {
				"up": {"uv": [6.5, 6, 7, 9], "rotation": 90, "texture": "#1"}
			}
		},
		{
			"name": "glass Rim",
			"from": [11, 2.5, 13.5],
			"to": [14, 3, 14],
			"rotation": {"angle": 0, "axis": "y", "origin": [12.5, 2.5, 12.5]},
			"faces": {
				"up": {"uv": [6.5, 6, 7, 9], "rotation": 90, "texture": "#1"}
			}
		},
		{
			"name": "Ink",
			"from": [11.25, 0.25, 11.25],
			"to": [13.75, 2.25, 13.75],
			"rotation": {"angle": 0, "axis": "y", "origin": [12.5, 1.5, 12.5]},
			"faces": {
				"north": {"uv": [5.25, 6.25, 7.75, 8.75], "texture": "#2"},
				"east": {"uv": [5.25, 6.25, 7.75, 8.75], "texture": "#2"},
				"south": {"uv": [5.25, 6.25, 7.75, 8.75], "texture": "#2"},
				"west": {"uv": [5.25, 6.25, 7.75, 8.75], "texture": "#2"},
				"up": {"uv": [5.25, 6.25, 7.75, 8.75], "texture": "#2"},
				"down": {"uv": [5.25, 6.25, 7.75, 8.75], "texture": "#2"}
			}
		},
		{
			"from": [12.75, 5.5, 10],
			"to": [12.75, 13.5, 18],
			"rotation": {"angle": -45, "axis": "x", "origin": [12.25, 6, 17.5]},
			"faces": {
				"east": {"uv": [0, 0, 16, 16], "rotation": 270, "texture": "#3"},
				"west": {"uv": [0, 0, 16, 16], "texture": "#3"}
			}
		}
	],
	"display": {
		"thirdperson_righthand": {
			"rotation": [90, -90, 0],
			"translation": [-6, -2, 20],
			"scale": [2, 2, 2]
		},
		"thirdperson_lefthand": {
			"rotation": [90, -90, 0],
			"translation": [-6, -2, 20],
			"scale": [2, 2, 2]
		},
		"firstperson_lefthand": {
			"scale": [0.2, 0.2, 0.2]
		},
		"gui": {
			"rotation": [30, 35, 0],
			"translation": [0, -4, 0],
			"scale": [0.5, 0.5, 0.5]
		},
		"head": {
			"rotation": [0, 90, 0],
			"scale": [2, 2, 2]
		},
		"fixed": {
			"translation": [0, -4, 0],
			"scale": [0.5, 0.5, 0.5]
		}
	}
}