{
		"textures": {"1": "block/anvil",
		"2": "block/bone_block_side"
	},
	"elements": [{
			"from": [7, 17, 7], "to": [9, 25, 9], "rotation": {"angle": 0, "axis": "y", "origin": [7.5, 24, 7.5]}, "faces": {
				"north": {"uv": [13, 7, 15, 15], "texture": "#1"},
				"east": {"uv": [12, 7, 14, 15], "texture": "#1"},
				"south": {"uv": [13, 7, 15, 15], "texture": "#1"},
				"west": {"uv": [11, 7, 13, 15], "texture": "#1"},
				"up": {"uv": [3, 5, 5, 7], "texture": "#2"},
				"down": {"uv": [0, 0, 2, 2], "texture": "#1"}
			}},
		{
			"from": [6.5, 16.1, 6.5], "to": [9.5, 17, 9.5], "rotation": {"angle": 0, "axis": "y", "origin": [7.5, 24, 7.5]}, "faces": {
				"north": {"uv": [0, 0, 3, 1], "texture": "#1"},
				"east": {"uv": [0, 0, 3, 1], "texture": "#1"},
				"south": {"uv": [0, 0, 3, 1], "texture": "#1"},
				"west": {"uv": [0, 0, 3, 1], "texture": "#1"},
				"up": {"uv": [11, 12, 14, 15], "texture": "#1"},
				"down": {"uv": [12, 12, 15, 15], "texture": "#1"}
			}},
		{
			"from": [6, 15.9, 6], "to": [10, 16.5, 10], "rotation": {"angle": 0, "axis": "y", "origin": [7.5, 24, 7.5]}, "faces": {
				"north": {"uv": [0, 0, 4, 0.5], "texture": "#1"},
				"east": {"uv": [7, 15, 11, 15.5], "texture": "#1"},
				"south": {"uv": [0, 0, 4, 0.5], "texture": "#1"},
				"west": {"uv": [0, 0, 4, 0.5], "texture": "#1"},
				"up": {"uv": [11, 11, 15, 15], "texture": "#1"},
				"down": {"uv": [0, 0, 4, 4], "texture": "#1"}
			}},
		{
			"from": [7.5, 23, 9], "to": [8.5, 24, 11], "rotation": {"angle": 0, "axis": "y", "origin": [7.5, 24, 7.5]}, "faces": {
				"north": {"uv": [0.5, 0.5, 2.5, 1.5], "texture": "#1"},
				"east": {"uv": [0.5, 0.5, 2.5, 1.5], "texture": "#1"},
				"south": {"uv": [0.5, 0.5, 2.5, 1.5], "texture": "#1"},
				"west": {"uv": [0.5, 0.5, 2.5, 1.5], "texture": "#1"},
				"up": {"uv": [15, 11, 16, 13], "texture": "#1"},
				"down": {"uv": [0.5, 0.5, 2.5, 1.5], "texture": "#1"}
			}},
		{
			"from": [7.5, 23, 5], "to": [8.5, 24, 7], "rotation": {"angle": 0, "axis": "y", "origin": [7.5, 24, 7.5]}, "faces": {
				"north": {"uv": [0.5, 0.5, 2.5, 1.5], "texture": "#1"},
				"east": {"uv": [0.5, 0.5, 2.5, 1.5], "texture": "#1"},
				"south": {"uv": [0.5, 0.5, 2.5, 1.5], "texture": "#1"},
				"west": {"uv": [0.5, 0.5, 2.5, 1.5], "texture": "#1"},
				"up": {"uv": [15, 11, 16, 13], "texture": "#1"},
				"down": {"uv": [0.5, 0.5, 2.5, 1.5], "texture": "#1"}
			}},
		{
			"from": [7.6, 23.4, 10.45], "to": [8.4, 25.4, 11.45], "rotation": {"angle": 22.5, "axis": "x", "origin": [8, 24.4, 10.95]}, "faces": {
				"north": {"uv": [0.5, 0.5, 2.5, 1.5], "texture": "#1"},
				"east": {"uv": [0.5, 0.5, 2.5, 1.5], "texture": "#1"},
				"south": {"uv": [0.5, 0.5, 2.5, 1.5], "texture": "#1"},
				"west": {"uv": [0.5, 0.5, 2.5, 1.5], "texture": "#1"},
				"up": {"uv": [0.5, 0.5, 2.5, 1.5], "texture": "#1"},
				"down": {"uv": [0.5, 0.5, 2.5, 1.5], "texture": "#1"}
			}},
		{
			"from": [7.5, 24.5, 10.95], "to": [8.5, 25.5, 12.95], "rotation": {"angle": 0, "axis": "x", "origin": [8, 25, 11.95]}, "faces": {
				"north": {"uv": [0.5, 0.5, 2.5, 1.5], "texture": "#1"},
				"east": {"uv": [0.5, 0.5, 2.5, 1.5], "texture": "#1"},
				"south": {"uv": [0.5, 0.5, 2.5, 1.5], "texture": "#1"},
				"west": {"uv": [0.5, 0.5, 2.5, 1.5], "texture": "#1"},
				"up": {"uv": [0.5, 0.5, 2.5, 1.5], "texture": "#1"},
				"down": {"uv": [0.5, 0.5, 2.5, 1.5], "texture": "#1"}
			}},
		{
			"from": [7.6, 23.4, 4.5], "to": [8.4, 25.4, 5.5], "rotation": {"angle": -22.5, "axis": "x", "origin": [8, 24.4, 5]}, "faces": {
				"north": {"uv": [0.5, 0.5, 2.5, 1.5], "rotation": 90, "texture": "#1"},
				"east": {"uv": [0.5, 0.5, 2.5, 1.5], "rotation": 90, "texture": "#1"},
				"south": {"uv": [0.5, 0.5, 2.5, 1.5], "rotation": 90, "texture": "#1"},
				"west": {"uv": [0.5, 0.5, 2.5, 1.5], "rotation": 90, "texture": "#1"},
				"up": {"uv": [0.5, 0.5, 2.5, 1.5], "rotation": 90, "texture": "#1"},
				"down": {"uv": [0.5, 0.5, 2.5, 1.5], "rotation": 90, "texture": "#1"}
			}},
		{
			"from": [7.5, 24.5, 3.05], "to": [8.5, 25.5, 5.05], "rotation": {"angle": 0, "axis": "x", "origin": [8, 25, 4.05]}, "faces": {
				"north": {"uv": [0.5, 0.5, 2.5, 1.5], "texture": "#1"},
				"east": {"uv": [0.5, 0.5, 2.5, 1.5], "texture": "#1"},
				"south": {"uv": [0.5, 0.5, 2.5, 1.5], "texture": "#1"},
				"west": {"uv": [0.5, 0.5, 2.5, 1.5], "texture": "#1"},
				"up": {"uv": [0.5, 0.5, 2.5, 1.5], "texture": "#1"},
				"down": {"uv": [0.5, 0.5, 2.5, 1.5], "texture": "#1"}
			}},
		{
			"from": [7.6, 25.2, 12], "to": [8.35, 27.2, 12.75], "rotation": {"angle": 0, "axis": "y", "origin": [7.5, 24, 7.5]}, "faces": {
				"north": {"uv": [6, 7, 6.75, 9], "texture": "#2"},
				"east": {"uv": [11, 3, 11.75, 5], "texture": "#2"},
				"south": {"uv": [2, 2, 2.75, 4], "texture": "#2"},
				"west": {"uv": [1, 2, 1.75, 4], "texture": "#2"},
				"up": {"uv": [0, 0, 0.75, 0.75], "texture": "#2"},
				"down": {"uv": [0, 0, 0.75, 0.75], "texture": "#2"}
			}},
		{
			"from": [7.6, 25.3, 3.2], "to": [8.35, 27.3, 3.95], "rotation": {"angle": 0, "axis": "y", "origin": [7.5, 24, 7.5]}, "faces": {
				"north": {"uv": [3, 5, 3.75, 7], "texture": "#2"},
				"east": {"uv": [11, 0, 11.75, 2], "texture": "#2"},
				"south": {"uv": [1, 6, 1.75, 8], "texture": "#2"},
				"west": {"uv": [0, 0, 0.75, 2], "texture": "#2"},
				"up": {"uv": [0, 0, 0.75, 0.75], "texture": "#2"},
				"down": {"uv": [0, 0, 0.75, 0.75], "texture": "#2"}
			}},
		{
			"from": [9, 23, 7.5], "to": [11, 24, 8.5], "rotation": {"angle": 0, "axis": "y", "origin": [7.5, 24, 7.5]}, "faces": {
				"north": {"uv": [0.5, 0.5, 2.5, 1.5], "texture": "#1"},
				"east": {"uv": [0.5, 0.5, 2.5, 1.5], "texture": "#1"},
				"south": {"uv": [0.5, 0.5, 2.5, 1.5], "texture": "#1"},
				"west": {"uv": [0.5, 0.5, 2.5, 1.5], "texture": "#1"},
				"up": {"uv": [15, 11, 16, 13], "texture": "#1"},
				"down": {"uv": [0.5, 0.5, 2.5, 1.5], "texture": "#1"}
			}},
		{
			"from": [5, 23, 7.5], "to": [7, 24, 8.5], "rotation": {"angle": 0, "axis": "y", "origin": [7.5, 24, 7.5]}, "faces": {
				"north": {"uv": [0.5, 0.5, 2.5, 1.5], "texture": "#1"},
				"east": {"uv": [0.5, 0.5, 2.5, 1.5], "texture": "#1"},
				"south": {"uv": [0.5, 0.5, 2.5, 1.5], "texture": "#1"},
				"west": {"uv": [0.5, 0.5, 2.5, 1.5], "texture": "#1"},
				"up": {"uv": [15, 11, 16, 13], "texture": "#1"},
				"down": {"uv": [0.5, 0.5, 2.5, 1.5], "texture": "#1"}
			}},
		{
			"from": [10.5, 23.35, 7.6], "to": [11.5, 25.35, 8.4], "rotation": {"angle": -22.5, "axis": "z", "origin": [11, 24.35, 8]}, "faces": {
				"north": {"uv": [0.5, 0.5, 2.5, 1.5], "rotation": 90, "texture": "#1"},
				"east": {"uv": [0.5, 0.5, 2.5, 1.5], "rotation": 90, "texture": "#1"},
				"south": {"uv": [0.5, 0.5, 2.5, 1.5], "rotation": 90, "texture": "#1"},
				"west": {"uv": [0.5, 0.5, 2.5, 1.5], "rotation": 90, "texture": "#1"},
				"up": {"uv": [0.5, 0.5, 2.5, 1.5], "rotation": 90, "texture": "#1"},
				"down": {"uv": [0.5, 0.5, 2.5, 1.5], "rotation": 90, "texture": "#1"}
			}},
		{
			"from": [10.9, 24.5, 7.5], "to": [12.9, 25.5, 8.5], "rotation": {"angle": 0, "axis": "z", "origin": [11.9, 25, 8]}, "faces": {
				"north": {"uv": [0.5, 0.5, 2.5, 1.5], "texture": "#1"},
				"east": {"uv": [0.5, 0.5, 2.5, 1.5], "texture": "#1"},
				"south": {"uv": [0.5, 0.5, 2.5, 1.5], "texture": "#1"},
				"west": {"uv": [0.5, 0.5, 2.5, 1.5], "texture": "#1"},
				"up": {"uv": [0.5, 0.5, 2.5, 1.5], "texture": "#1"},
				"down": {"uv": [0.5, 0.5, 2.5, 1.5], "texture": "#1"}
			}},
		{
			"from": [12, 25.2, 7.6], "to": [12.75, 27.2, 8.35], "rotation": {"angle": 0, "axis": "y", "origin": [7.5, 24, 7.5]}, "faces": {
				"north": {"uv": [0, 8, 0.75, 10], "texture": "#2"},
				"east": {"uv": [1, 0, 1.75, 2], "texture": "#2"},
				"south": {"uv": [6, 4, 6.75, 6], "texture": "#2"},
				"west": {"uv": [5, 4, 5.75, 6], "texture": "#2"},
				"up": {"uv": [0, 0, 0.75, 0.75], "texture": "#2"},
				"down": {"uv": [0, 0, 0.75, 0.75], "texture": "#2"}
			}},
		{
			"from": [4.5, 23.35, 7.6], "to": [5.5, 25.35, 8.4], "rotation": {"angle": 22.5, "axis": "z", "origin": [5, 24.35, 8]}, "faces": {
				"north": {"uv": [0.5, 0.5, 2.5, 1.5], "texture": "#1"},
				"east": {"uv": [0.5, 0.5, 2.5, 1.5], "texture": "#1"},
				"south": {"uv": [0.5, 0.5, 2.5, 1.5], "texture": "#1"},
				"west": {"uv": [0.5, 0.5, 2.5, 1.5], "texture": "#1"},
				"up": {"uv": [0.5, 0.5, 2.5, 1.5], "texture": "#1"},
				"down": {"uv": [0.5, 0.5, 2.5, 1.5], "texture": "#1"}
			}},
		{
			"from": [3.1, 24.5, 7.5], "to": [5.1, 25.5, 8.5], "rotation": {"angle": 0, "axis": "z", "origin": [4.1, 25, 8]}, "faces": {
				"north": {"uv": [0.5, 0.5, 2.5, 1.5], "texture": "#1"},
				"east": {"uv": [0.5, 0.5, 2.5, 1.5], "texture": "#1"},
				"south": {"uv": [0.5, 0.5, 2.5, 1.5], "texture": "#1"},
				"west": {"uv": [0.5, 0.5, 2.5, 1.5], "texture": "#1"},
				"up": {"uv": [0.5, 0.5, 2.5, 1.5], "texture": "#1"},
				"down": {"uv": [0.5, 0.5, 2.5, 1.5], "texture": "#1"}
			}},
		{
			"from": [3.2, 25.2, 7.6], "to": [3.95, 27.2, 8.35], "rotation": {"angle": 0, "axis": "y", "origin": [7.5, 24, 7.5]}, "faces": {
				"north": {"uv": [1, 1, 1.75, 3], "texture": "#2"},
				"east": {"uv": [10, 11, 10.75, 13], "texture": "#2"},
				"south": {"uv": [0, 7, 0.75, 9], "texture": "#2"},
				"west": {"uv": [9, 5, 9.75, 7], "texture": "#2"},
				"up": {"uv": [0, 0, 0.75, 0.75], "texture": "#2"},
				"down": {"uv": [0, 0, 0.75, 0.75], "texture": "#2"}
			}},
		{
			"name": "Thick part", "from": [6.8, 16.95, 7], "to": [7.05, 18.45, 9], "rotation": {"angle": 0, "axis": "y", "origin": [7.5, 24, 7.5]}, "faces": {
				"north": {"uv": [14, 13, 14.25, 14.5], "texture": "#1"},
				"east": {"uv": [0, 0, 2, 1.5], "texture": "#1"},
				"south": {"uv": [13, 13, 13.25, 14.5], "texture": "#1"},
				"west": {"uv": [12, 13, 14, 14.5], "texture": "#1"},
				"up": {"uv": [8, 15.75, 10, 16], "rotation": 90, "texture": "#1"},
				"down": {"uv": [0, 0, 0.25, 2], "texture": "#1"}
			}},
		{
			"name": "Thick part", "from": [7, 16.95, 6.8], "to": [9, 18.45, 7.05], "rotation": {"angle": 0, "axis": "y", "origin": [7.5, 24, 7.5]}, "faces": {
				"north": {"uv": [12, 13, 14, 14.5], "texture": "#1"},
				"east": {"uv": [14, 13, 14.25, 14.5], "texture": "#1"},
				"south": {"uv": [0, 0, 2, 1.5], "texture": "#1"},
				"west": {"uv": [12, 13, 14, 14.5], "texture": "#1"},
				"up": {"uv": [8, 15.5, 10, 15.75], "texture": "#1"},
				"down": {"uv": [0, 0, 2, 0.25], "texture": "#1"}
			}},
		{
			"name": "Thick part", "from": [9, 16.95, 7], "to": [9.25, 18.45, 9], "rotation": {"angle": 0, "axis": "y", "origin": [7.5, 24, 7.5]}, "faces": {
				"north": {"uv": [14, 13, 14.25, 14.5], "texture": "#1"},
				"east": {"uv": [12, 13, 14, 14.5], "texture": "#1"},
				"south": {"uv": [14, 13, 14.25, 14.5], "texture": "#1"},
				"west": {"uv": [12, 13, 14, 14.5], "texture": "#1"},
				"up": {"uv": [8, 15.75, 10, 16], "rotation": 90, "texture": "#1"},
				"down": {"uv": [0, 0, 0.25, 2], "texture": "#1"}
			}},
		{
			"name": "Thick part", "from": [7, 16.95, 9], "to": [9, 18.45, 9.25], "rotation": {"angle": 0, "axis": "y", "origin": [7.5, 24, 7.5]}, "faces": {
				"north": {"uv": [12, 13, 14, 14.5], "texture": "#1"},
				"east": {"uv": [14, 13, 14.25, 14.5], "texture": "#1"},
				"south": {"uv": [12, 13, 14, 14.5], "texture": "#1"},
				"west": {"uv": [14, 13, 14.25, 14.5], "texture": "#1"},
				"up": {"uv": [8, 15.5, 10, 15.75], "texture": "#1"},
				"down": {"uv": [0, 0, 2, 0.25], "texture": "#1"}
			}},
		{
			"name": "Thick part", "from": [6.8, 23.45, 7], "to": [7.05, 24.95, 9], "rotation": {"angle": 0, "axis": "y", "origin": [7.5, 24, 7.5]}, "faces": {
				"north": {"uv": [14, 13, 14.25, 14.5], "texture": "#1"},
				"east": {"uv": [0, 0, 2, 1.5], "texture": "#1"},
				"south": {"uv": [13, 13, 13.25, 14.5], "texture": "#1"},
				"west": {"uv": [12, 13, 14, 14.5], "texture": "#1"},
				"up": {"uv": [8, 15.75, 10, 16], "rotation": 90, "texture": "#1"},
				"down": {"uv": [0, 0, 0.25, 2], "texture": "#1"}
			}},
		{
			"name": "Thick part", "from": [7, 23.45, 6.8], "to": [9, 24.95, 7.05], "rotation": {"angle": 0, "axis": "y", "origin": [7.5, 24, 7.5]}, "faces": {
				"north": {"uv": [12, 13, 14, 14.5], "texture": "#1"},
				"east": {"uv": [14, 13, 14.25, 14.5], "texture": "#1"},
				"south": {"uv": [0, 0, 2, 1.5], "texture": "#1"},
				"west": {"uv": [12, 13, 14, 14.5], "texture": "#1"},
				"up": {"uv": [8, 15.5, 10, 15.75], "texture": "#1"},
				"down": {"uv": [0, 0, 2, 0.25], "texture": "#1"}
			}},
		{
			"name": "Thick part", "from": [9, 23.45, 7], "to": [9.25, 24.95, 9], "rotation": {"angle": 0, "axis": "y", "origin": [7.5, 24, 7.5]}, "faces": {
				"north": {"uv": [14, 13, 14.25, 14.5], "texture": "#1"},
				"east": {"uv": [12, 13, 14, 14.5], "texture": "#1"},
				"south": {"uv": [14, 13, 14.25, 14.5], "texture": "#1"},
				"west": {"uv": [12, 13, 14, 14.5], "texture": "#1"},
				"up": {"uv": [8, 15.75, 10, 16], "rotation": 90, "texture": "#1"},
				"down": {"uv": [0, 0, 0.25, 2], "texture": "#1"}
			}},
		{
			"name": "Thick part", "from": [7, 23.45, 9], "to": [9, 24.95, 9.25], "rotation": {"angle": 0, "axis": "y", "origin": [7.5, 24, 7.5]}, "faces": {
				"north": {"uv": [12, 13, 14, 14.5], "texture": "#1"},
				"east": {"uv": [14, 13, 14.25, 14.5], "texture": "#1"},
				"south": {"uv": [12, 13, 14, 14.5], "texture": "#1"},
				"west": {"uv": [14, 13, 14.25, 14.5], "texture": "#1"},
				"up": {"uv": [8, 15.5, 10, 15.75], "texture": "#1"},
				"down": {"uv": [0, 0, 2, 0.25], "texture": "#1"}
			}}
	],
	"display": {
		"thirdperson_righthand": {
			"rotation": [45, 0, 0], "translation": [0, 1, 0], "scale": [0.35, 0.35, 0.35]
		},
		"thirdperson_lefthand": {
			"rotation": [45, 0, 0], "translation": [0, 1, 0], "scale": [0.35, 0.35, 0.35]
		},
		"firstperson_righthand": {
			"rotation": [-10, 15, 0], "translation": [1, 0, 0], "scale": [0.4, 0.4, 0.4]
		},
		"firstperson_lefthand": {
			"rotation": [-10, 15, 0], "translation": [1, 0, 0], "scale": [0.4, 0.4, 0.4]
		},
		"ground": {
			"translation": [0, 1, 0], "scale": [0.3, 0.3, 0.3]
		},
		"gui": {
			"rotation": [35, -135, 0], "translation": [0, -1, 0], "scale": [0.5, 0.5, 0.5]
		},
		"head": {
			"translation": [0, -32.9, 0], "scale": [2.289, 2.289, 2.289]
		},
		"fixed": {
			"scale": [0.8, 0.8, 0.8]
		}
	}
}