{
		"textures": {"0": "block/quartz_pillar_top",
		"1": "block/quartz_block_top",
		"particle": "block/quartz_block_top"
	},
	"elements": [{
			"name": "Leg2", "from": [3, 1, 0], "to": [13, 2, 5], "rotation": {"angle": 0, "axis": "y", "origin": [7.5, 5.5, 3.5]}, "faces": {
				"north": {"uv": [4, 11, 14, 12], "texture": "#1"},
				"east": {"uv": [5, 11, 10, 12], "texture": "#1"},
				"south": {"uv": [4, 11, 14, 12], "texture": "#1"},
				"west": {"uv": [5, 11, 10, 12], "texture": "#1"},
				"up": {"uv": [3, 3, 8, 13], "rotation": 270, "texture": "#0"}
			}},
		{
			"name": "Leg3", "from": [4, 2, 0], "to": [12, 3, 4], "rotation": {"angle": 0, "axis": "y", "origin": [7.5, 6.5, -1.5]}, "faces": {
				"north": {"uv": [5, 11, 13, 12], "texture": "#1"},
				"east": {"uv": [5, 11, 9, 12], "texture": "#1"},
				"south": {"uv": [5, 11, 13, 12], "texture": "#1"},
				"west": {"uv": [5, 11, 9, 12], "texture": "#1"},
				"up": {"uv": [4, 4, 8, 12], "rotation": 270, "texture": "#0"}
			}},
		{
			"name": "Leg2", "from": [5, 3, 0], "to": [11, 12, 3], "rotation": {"angle": 0, "axis": "y", "origin": [8, 7.5, 0]}, "faces": {
				"north": {"uv": [6, 4, 12, 13], "texture": "#1"},
				"east": {"uv": [4, 4, 7, 13], "texture": "#1"},
				"south": {"uv": [6, 4, 12, 13], "texture": "#1"},
				"west": {"uv": [7, 4, 10, 13], "texture": "#1"}
			}},
		{
			"name": "Leg2", "from": [1, 12, 0], "to": [15, 13, 3], "rotation": {"angle": 0, "axis": "y", "origin": [7.5, 6.5, 1.5]}, "faces": {
				"north": {"uv": [1, 5, 15, 6], "texture": "#1"},
				"east": {"uv": [0, 0, 3, 1], "texture": "#1"},
				"south": {"uv": [1, 3, 15, 4], "texture": "#1"},
				"west": {"uv": [0, 0, 3, 1], "texture": "#1"},
				"down": {"uv": [1, 3, 15, 6], "rotation": 180, "texture": "#1"}
			}},
		{
			"name": "Leg3", "from": [5, 12, 3], "to": [11, 13, 8], "rotation": {"angle": 0, "axis": "y", "origin": [7.5, 6.5, 5.5]}, "faces": {
				"north": {"uv": [2, 13, 8, 14], "texture": "#1"},
				"east": {"uv": [5, 9, 10, 10], "texture": "#1"},
				"south": {"uv": [1, 13, 7, 14], "texture": "#1"},
				"west": {"uv": [2, 13, 7, 14], "texture": "#1"},
				"down": {"uv": [2, 4, 8, 9], "rotation": 180, "texture": "#1"}
			}},
		{
			"name": "Leg4", "from": [2, 0, 0], "to": [14, 1, 6], "rotation": {"angle": 0, "axis": "y", "origin": [7.5, -5.5, 4.5]}, "faces": {
				"north": {"uv": [3, 12, 15, 13], "texture": "#1"},
				"east": {"uv": [4, 12, 10, 13], "texture": "#1"},
				"south": {"uv": [3, 12, 15, 13], "texture": "#1"},
				"west": {"uv": [4, 12, 10, 13], "texture": "#1"},
				"up": {"uv": [2, 2, 14, 8], "texture": "#0"},
				"down": {"uv": [2, 2, 14, 8], "texture": "#0"}
			}},
		{
			"name": "Surface", "from": [0, 13, 0], "to": [16, 16, 16], "rotation": {"angle": 0, "axis": "y", "origin": [8, 21, 8]}, "faces": {
				"north": {"uv": [0, 0, 16, 4], "texture": "#0"},
				"east": {"uv": [0, 0, 16, 4], "texture": "#0"},
				"south": {"uv": [0, 0, 16, 4], "texture": "#0"},
				"west": {"uv": [0, 0, 16, 4], "texture": "#0"},
				"up": {"uv": [0, 0, 16, 16], "texture": "#0"},
				"down": {"uv": [0, 0, 16, 16], "texture": "#0"}
			}}
	],
	"display": {
		"thirdperson_righthand": {
			"rotation": [45, 0, 0], "translation": [0, 1, 0], "scale": [0.35, 0.35, 0.35]
		},
		"thirdperson_lefthand": {
			"rotation": [45, 0, 0], "translation": [0, 1, 0], "scale": [0.35, 0.35, 0.35]
		},
		"firstperson_righthand": {
			"rotation": [-10, 15, 0], "translation": [1, 0, 0], "scale": [0.4, 0.4, 0.4]
		},
		"firstperson_lefthand": {
			"rotation": [-10, 15, 0], "translation": [1, 0, 0], "scale": [0.4, 0.4, 0.4]
		},
		"ground": {
			"translation": [0, 1, 0], "scale": [0.3, 0.3, 0.3]
		},
		"gui": {
			"rotation": [35, -135, 0], "translation": [0, -1, 0], "scale": [0.5, 0.5, 0.5]
		},
		"head": {
			"translation": [0, -32.9, 0], "scale": [2.289, 2.289, 2.289]
		},
		"fixed": {
			"scale": [0.8, 0.8, 0.8]
		}
	}
}