{
		"textures": {"0": "block/warped_planks",
		"1": "block/warped_roots",
		"particle": "block/warped_roots"
	},
	"elements": [{
			"name": "leg", "from": [6, 10, 2], "to": [10, 13, 6], "rotation": {"angle": 0, "axis": "y", "origin": [7.5, 5.83333, 4.5]}, "faces": {
				"north": {"uv": [0, 3, 4, 6], "texture": "#0"},
				"east": {"uv": [3, 3, 7, 6], "texture": "#0"},
				"south": {"uv": [0, 3, 4, 6], "texture": "#0"},
				"west": {"uv": [12, 3, 16, 6], "texture": "#0"},
				"down": {"uv": [12, 0, 16, 4], "texture": "#0"}
			}},
		{
			"name": "leg", "from": [6.5, 2, 2.5], "to": [9.5, 10, 5.5], "rotation": {"angle": 0, "axis": "y", "origin": [7.5, 5.83333, 4.5]}, "faces": {
				"north": {"uv": [0, 6, 3, 14], "texture": "#0"},
				"east": {"uv": [13, 6, 16, 14], "texture": "#0"},
				"south": {"uv": [9, 6, 12, 14], "texture": "#0"},
				"west": {"uv": [5, 6, 8, 14], "texture": "#0"}
			}},
		{
			"name": "leg", "from": [6, 0, 2], "to": [10, 3, 6], "rotation": {"angle": 0, "axis": "y", "origin": [7.5, 6.83333, 4.5]}, "faces": {
				"north": {"uv": [0, 12, 4, 15], "texture": "#0"},
				"east": {"uv": [11, 12, 15, 15], "texture": "#0"},
				"south": {"uv": [8, 12, 12, 15], "texture": "#0"},
				"west": {"uv": [4, 12, 8, 15], "texture": "#0"},
				"up": {"uv": [2, 4, 6, 8], "texture": "#0"},
				"down": {"uv": [12, 5, 16, 9], "texture": "#0"}
			}},
		{
			"name": "leg", "from": [10, 0, 3], "to": [12, 2, 5], "rotation": {"angle": 0, "axis": "y", "origin": [8, 1.5, 4]}, "faces": {
				"north": {"uv": [4, 3, 6, 5], "rotation": 90, "texture": "#0"},
				"east": {"uv": [1, 5, 3, 7], "texture": "#0"},
				"south": {"uv": [0, 2, 2, 4], "rotation": 90, "texture": "#0"},
				"up": {"uv": [2, 2, 4, 4], "rotation": 90, "texture": "#0"},
				"down": {"uv": [3, 4, 5, 6], "texture": "#0"}
			}},
		{
			"name": "leg", "from": [7, 0, 6], "to": [9, 2, 16], "rotation": {"angle": 0, "axis": "y", "origin": [8, 1.5, 13.5]}, "faces": {
				"east": {"uv": [6, 3, 8, 13], "rotation": 90, "texture": "#0"},
				"south": {"uv": [14, 8, 16, 10], "texture": "#0"},
				"west": {"uv": [2, 3, 4, 13], "rotation": 270, "texture": "#0"},
				"up": {"uv": [4, 3, 6, 13], "texture": "#0"},
				"down": {"uv": [3, 2, 5, 12], "texture": "#0"}
			}},
		{
			"name": "leg", "from": [7, 0, 0], "to": [9, 2, 2], "rotation": {"angle": 0, "axis": "y", "origin": [8, 1.5, 2.5]}, "faces": {
				"north": {"uv": [5, 8, 7, 10], "texture": "#0"},
				"east": {"uv": [8, 2, 10, 4], "rotation": 90, "texture": "#0"},
				"west": {"uv": [4, 3, 6, 5], "rotation": 90, "texture": "#0"},
				"up": {"uv": [6, 2, 8, 4], "texture": "#0"},
				"down": {"uv": [0, 3, 2, 5], "texture": "#0"}
			}},
		{
			"name": "leg", "from": [4, 0, 3], "to": [6, 2, 5], "rotation": {"angle": 0, "axis": "y", "origin": [12, 1.5, 4]}, "faces": {
				"north": {"uv": [5, 7, 7, 9], "rotation": 270, "texture": "#0"},
				"south": {"uv": [9, 7, 11, 9], "rotation": 90, "texture": "#0"},
				"west": {"uv": [0, 0, 2, 2], "texture": "#0"},
				"up": {"uv": [7, 7, 9, 9], "rotation": 90, "texture": "#0"},
				"down": {"uv": [6, 5, 8, 7], "texture": "#0"}
			}},
		{
			"from": [0, 3, 0], "to": [16, 13, 16], "rotation": {"angle": 0, "axis": "y", "origin": [8, 20, 8]}, "faces": {
				"north": {"uv": [0, 1, 16, 11], "rotation": 180, "texture": "#1"},
				"east": {"uv": [0, 1, 16, 11], "rotation": 180, "texture": "#1"},
				"south": {"uv": [0, 1, 16, 11], "rotation": 180, "texture": "#1"},
				"west": {"uv": [0, 1, 16, 11], "rotation": 180, "texture": "#1"}
			}},
		{
			"from": [0, 3, 16], "to": [16, 13, 0], "rotation": {"angle": 0, "axis": "y", "origin": [8, 8, -8]}, "faces": {
				"north": {"uv": [0, 1, 16, 11], "rotation": 180, "texture": "#1"},
				"east": {"uv": [0, 1, 16, 11], "rotation": 180, "texture": "#1"},
				"south": {"uv": [0, 1, 16, 11], "rotation": 180, "texture": "#1"},
				"west": {"uv": [0, 1, 16, 11], "rotation": 180, "texture": "#1"}
			}},
		{
			"name": "inside vine", "from": [1, 6, 1], "to": [5, 13, 5], "rotation": {"angle": 0, "axis": "y", "origin": [9, 20, 9]}, "faces": {
				"north": {"uv": [6, 9, 10, 16], "rotation": 180, "texture": "#1"},
				"west": {"uv": [3, 9, 7, 16], "rotation": 180, "texture": "#1"}
			}},
		{
			"name": "inside vine", "from": [1, 6, 11], "to": [5, 13, 15], "rotation": {"angle": 0, "axis": "y", "origin": [3, 9.5, 13]}, "faces": {
				"south": {"uv": [3, 9, 7, 16], "rotation": 180, "texture": "#1"},
				"west": {"uv": [6, 9, 10, 16], "rotation": 180, "texture": "#1"}
			}},
		{
			"name": "inside vine", "from": [11, 6, 11], "to": [15, 13, 15], "rotation": {"angle": 0, "axis": "y", "origin": [13, 9.5, 13]}, "faces": {
				"east": {"uv": [3, 9, 7, 16], "rotation": 180, "texture": "#1"},
				"south": {"uv": [6, 9, 10, 16], "rotation": 180, "texture": "#1"}
			}},
		{
			"name": "inside vine", "from": [11, 6, 1], "to": [15, 13, 5], "rotation": {"angle": 0, "axis": "y", "origin": [13, 9.5, 3]}, "faces": {
				"north": {"uv": [3, 9, 7, 16], "rotation": 180, "texture": "#1"},
				"east": {"uv": [6, 9, 10, 16], "rotation": 180, "texture": "#1"}
			}}
	],
	"display": {
		"thirdperson_righthand": {
			"rotation": [45, 0, 0], "translation": [0, 1, 0], "scale": [0.35, 0.35, 0.35]
		},
		"thirdperson_lefthand": {
			"rotation": [45, 0, 0], "translation": [0, 1, 0], "scale": [0.35, 0.35, 0.35]
		},
		"firstperson_righthand": {
			"rotation": [-10, 15, 0], "translation": [1, 0, 0], "scale": [0.4, 0.4, 0.4]
		},
		"firstperson_lefthand": {
			"rotation": [-10, 15, 0], "translation": [1, 0, 0], "scale": [0.4, 0.4, 0.4]
		},
		"ground": {
			"translation": [0, 1, 0], "scale": [0.3, 0.3, 0.3]
		},
		"gui": {
			"rotation": [35, -135, 0], "translation": [0, -1, 0], "scale": [0.5, 0.5, 0.5]
		},
		"head": {
			"translation": [0, -32.9, 0], "scale": [2.289, 2.289, 2.289]
		},
		"fixed": {
			"scale": [0.8, 0.8, 0.8]
		}
	}
}