{
		"textures": {"0": "block/oak_planks"
	},
	"elements": [{
			"name": "leg",
			"from": [0, 0, 0],
			"to": [3, 13, 3],
			"rotation": {"angle": 0, "axis": "y", "origin": [8, 9.75, 8]},
			"faces": {
				"north": {"uv": [13, 3, 16, 16], "texture": "#0"},
				"east": {"uv": [10, 3, 13, 16], "texture": "#0"},
				"south": {"uv": [3, 3, 6, 16], "texture": "#0"},
				"west": {"uv": [0, 3, 3, 16], "texture": "#0"},
				"down": {"uv": [0, 4, 3, 7], "texture": "#0"}
			}},
		{
			"name": "Under",
			"from": [1, 12, 3],
			"to": [2, 13, 16],
			"rotation": {"angle": 0, "axis": "y", "origin": [8, 9.75, 8]},
			"faces": {
				"east": {"uv": [3, 7, 16, 8], "texture": "#0"},
				"south": {"uv": [6, 3, 7, 4], "texture": "#0"},
				"west": {"uv": [2, 15, 15, 16], "texture": "#0"},
				"down": {"uv": [0, 3, 13, 4], "rotation": 270, "texture": "#0"}
			}},
		{
			"name": "Under",
			"from": [3, 12, 1],
			"to": [16, 13, 2],
			"rotation": {"angle": 0, "axis": "y", "origin": [8, 9.75, 8]},
			"faces": {
				"north": {"uv": [3, 3, 16, 4], "texture": "#0"},
				"east": {"uv": [2, 3, 3, 4], "texture": "#0"},
				"south": {"uv": [1, 11, 14, 12], "texture": "#0"},
				"down": {"uv": [1, 3, 14, 4], "texture": "#0"}
			}}
	],
	"display": {
		"thirdperson_righthand": {
			"rotation": [45, 0, 0],
			"translation": [0, 1, 0],
			"scale": [0.35, 0.35, 0.35]
		},
		"thirdperson_lefthand": {
			"rotation": [45, 0, 0],
			"translation": [0, 1, 0],
			"scale": [0.35, 0.35, 0.35]
		},
		"firstperson_righthand": {
			"rotation": [-10, 15, 0],
			"translation": [1, 0, 0],
			"scale": [0.4, 0.4, 0.4]
		},
		"firstperson_lefthand": {
			"rotation": [-10, 15, 0],
			"translation": [1, 0, 0],
			"scale": [0.4, 0.4, 0.4]
		},
		"ground": {
			"translation": [0, 1, 0],
			"scale": [0.3, 0.3, 0.3]
		},
		"gui": {
			"rotation": [35, -135, 0],
			"translation": [0, -2, 0],
			"scale": [0.5, 0.5, 0.5]
		},
		"head": {
			"translation": [0, -32.9, 0],
			"scale": [2.289, 2.289, 2.289]
		},
		"fixed": {
			"scale": [0.8, 0.8, 0.8]
		}
	}
}