{
		"textures": {"0": "block/warped_planks",
		"1": "block/warped_roots",
		"particle": "block/warped_roots"
	},
	"elements": [{
			"name": "leg", "from": [14, 1, 14], "to": [16, 13, 16], "rotation": {"angle": 0, "axis": "y", "origin": [15, 6.5, 15]}, "faces": {
				"north": {"uv": [2, 3, 4, 15], "texture": "#0"},
				"east": {"uv": [0, 3, 2, 15], "texture": "#0"},
				"south": {"uv": [14, 3, 16, 15], "texture": "#0"},
				"west": {"uv": [12, 3, 14, 15], "texture": "#0"}
			}},
		{
			"name": "leg", "from": [14, 1, 0], "to": [16, 13, 2], "rotation": {"angle": 0, "axis": "y", "origin": [15, 6.5, 1]}, "faces": {
				"north": {"uv": [0, 3, 2, 15], "texture": "#0"},
				"east": {"uv": [14, 3, 16, 15], "texture": "#0"},
				"south": {"uv": [12, 3, 14, 15], "texture": "#0"},
				"west": {"uv": [2, 3, 4, 15], "texture": "#0"}
			}},
		{
			"name": "leg", "from": [13.5, 0, 0], "to": [16, 1, 2.5], "rotation": {"angle": 0, "axis": "y", "origin": [15, -5.5, 1]}, "faces": {
				"north": {"uv": [0, 3, 2.5, 4], "texture": "#0"},
				"east": {"uv": [13.5, 3, 16, 4], "texture": "#0"},
				"south": {"uv": [10.5, 3, 13, 4], "texture": "#0"},
				"west": {"uv": [3, 3, 5.5, 4], "texture": "#0"},
				"up": {"uv": [3.5, 8, 6, 10.5], "texture": "#0"},
				"down": {"uv": [13.5, 8.5, 16, 11], "texture": "#0"}
			}},
		{
			"name": "leg", "from": [13.5, 0, 13.5], "to": [16, 1, 16], "rotation": {"angle": 0, "axis": "y", "origin": [14.75, 0.5, 14.75]}, "faces": {
				"north": {"uv": [3, 3, 5.5, 4], "texture": "#0"},
				"east": {"uv": [0, 3, 2.5, 4], "texture": "#0"},
				"south": {"uv": [13.5, 3, 16, 4], "texture": "#0"},
				"west": {"uv": [10.5, 3, 13, 4], "texture": "#0"},
				"up": {"uv": [3.5, 4, 6, 6.5], "rotation": 90, "texture": "#0"},
				"down": {"uv": [13.5, 8.5, 16, 11], "rotation": 270, "texture": "#0"}
			}},
		{
			"name": "leg", "from": [0, 0, 13.5], "to": [2.5, 1, 16], "rotation": {"angle": 0, "axis": "y", "origin": [1.25, 0.5, 14.75]}, "faces": {
				"north": {"uv": [10.5, 3, 13, 4], "texture": "#0"},
				"east": {"uv": [3, 3, 5.5, 4], "texture": "#0"},
				"south": {"uv": [0, 3, 2.5, 4], "texture": "#0"},
				"west": {"uv": [13.5, 3, 16, 4], "texture": "#0"},
				"up": {"uv": [3.5, 4, 6, 6.5], "rotation": 180, "texture": "#0"},
				"down": {"uv": [13.5, 8.5, 16, 11], "rotation": 180, "texture": "#0"}
			}},
		{
			"name": "leg", "from": [0, 0, 0], "to": [2.5, 1, 2.5], "rotation": {"angle": 0, "axis": "y", "origin": [1.25, 0.5, 1.25]}, "faces": {
				"north": {"uv": [13.5, 3, 16, 4], "texture": "#0"},
				"east": {"uv": [10.5, 3, 13, 4], "texture": "#0"},
				"south": {"uv": [3, 3, 5.5, 4], "texture": "#0"},
				"west": {"uv": [0, 3, 2.5, 4], "texture": "#0"},
				"up": {"uv": [3.5, 4, 6, 6.5], "rotation": 270, "texture": "#0"},
				"down": {"uv": [13.5, 8.5, 16, 11], "rotation": 90, "texture": "#0"}
			}},
		{
			"name": "leg", "from": [0, 1, 0], "to": [2, 13, 2], "rotation": {"angle": 0, "axis": "y", "origin": [1, 6.5, 1]}, "faces": {
				"north": {"uv": [14, 3, 16, 15], "texture": "#0"},
				"east": {"uv": [12, 3, 14, 15], "texture": "#0"},
				"south": {"uv": [2, 3, 4, 15], "texture": "#0"},
				"west": {"uv": [0, 3, 2, 15], "texture": "#0"}
			}},
		{
			"name": "leg", "from": [0, 1, 14], "to": [2, 13, 16], "rotation": {"angle": 0, "axis": "y", "origin": [1, 6.5, 15]}, "faces": {
				"north": {"uv": [12, 3, 14, 15], "texture": "#0"},
				"east": {"uv": [2, 3, 4, 15], "texture": "#0"},
				"south": {"uv": [0, 3, 2, 15], "texture": "#0"},
				"west": {"uv": [14, 3, 16, 15], "texture": "#0"}
			}},
		{
			"name": "Surface", "from": [0, 13, 0], "to": [16, 16, 16], "rotation": {"angle": 0, "axis": "y", "origin": [8, 21, 8]}, "faces": {
				"north": {"uv": [0, 0, 16, 3], "texture": "#0"},
				"east": {"uv": [0, 0, 16, 3], "texture": "#0"},
				"south": {"uv": [0, 0, 16, 3], "texture": "#0"},
				"west": {"uv": [0, 0, 16, 3], "texture": "#0"},
				"up": {"uv": [0, 0, 16, 16], "texture": "#0"},
				"down": {"uv": [0, 0, 16, 16], "texture": "#0"}
			}},
		{
			"name": "Under", "from": [14, 11, 2], "to": [15, 13, 14], "rotation": {"angle": 0, "axis": "y", "origin": [8, 9.75, 8]}, "faces": {
				"east": {"uv": [2, 3, 14, 5], "texture": "#0"},
				"west": {"uv": [2, 3, 14, 5], "texture": "#0"},
				"down": {"uv": [3, 5, 15, 6], "rotation": 90, "texture": "#0"}
			}},
		{
			"name": "Under", "from": [14, 10, 11], "to": [15, 11, 14], "rotation": {"angle": 0, "axis": "y", "origin": [14.5, 10, 8]}, "faces": {
				"north": {"uv": [0, 0, 1, 1], "texture": "#0"},
				"east": {"uv": [2, 5, 5, 6], "texture": "#0"},
				"west": {"uv": [11, 5, 14, 6], "texture": "#0"},
				"down": {"uv": [3, 6, 6, 7], "rotation": 90, "texture": "#0"}
			}},
		{
			"name": "Under", "from": [14, 9, 13], "to": [15, 10, 14], "rotation": {"angle": 0, "axis": "y", "origin": [14.5, 10, 8]}, "faces": {
				"north": {"uv": [7, 6, 8, 7], "texture": "#0"},
				"east": {"uv": [2, 6, 3, 7], "texture": "#0"},
				"west": {"uv": [13, 6, 14, 7], "texture": "#0"},
				"down": {"uv": [3, 6, 4, 7], "rotation": 90, "texture": "#0"}
			}},
		{
			"name": "Under", "from": [14, 9, 2], "to": [15, 10, 3], "rotation": {"angle": 0, "axis": "y", "origin": [14.5, 10, 8]}, "faces": {
				"east": {"uv": [13, 6, 14, 7], "texture": "#0"},
				"south": {"uv": [7, 6, 8, 7], "texture": "#0"},
				"west": {"uv": [2, 6, 3, 7], "texture": "#0"},
				"down": {"uv": [3, 6, 4, 7], "rotation": 90, "texture": "#0"}
			}},
		{
			"name": "Under", "from": [14, 10, 2], "to": [15, 11, 5], "rotation": {"angle": 0, "axis": "y", "origin": [14.5, 10, 8]}, "faces": {
				"east": {"uv": [11, 5, 14, 6], "texture": "#0"},
				"south": {"uv": [0, 0, 1, 1], "texture": "#0"},
				"west": {"uv": [2, 5, 5, 6], "texture": "#0"},
				"down": {"uv": [3, 6, 6, 7], "rotation": 90, "texture": "#0"}
			}},
		{
			"name": "Under", "from": [1, 9, 2], "to": [2, 10, 3], "rotation": {"angle": 0, "axis": "y", "origin": [1.5, 10, 8]}, "faces": {
				"east": {"uv": [13, 6, 14, 7], "texture": "#0"},
				"south": {"uv": [7, 6, 8, 7], "texture": "#0"},
				"west": {"uv": [2, 6, 3, 7], "texture": "#0"},
				"down": {"uv": [3, 6, 4, 7], "rotation": 270, "texture": "#0"}
			}},
		{
			"name": "Under", "from": [1, 11, 2], "to": [2, 13, 14], "rotation": {"angle": 0, "axis": "y", "origin": [8, 9.75, 8]}, "faces": {
				"east": {"uv": [2, 3, 14, 5], "texture": "#0"},
				"west": {"uv": [2, 3, 14, 5], "texture": "#0"},
				"down": {"uv": [3, 7, 15, 8], "rotation": 270, "texture": "#0"}
			}},
		{
			"name": "Under", "from": [1, 10, 2], "to": [2, 11, 5], "rotation": {"angle": 0, "axis": "y", "origin": [1.5, 10, 8]}, "faces": {
				"east": {"uv": [11, 5, 14, 6], "texture": "#0"},
				"south": {"uv": [0, 0, 1, 1], "texture": "#0"},
				"west": {"uv": [2, 5, 5, 6], "texture": "#0"},
				"down": {"uv": [3, 6, 6, 7], "rotation": 270, "texture": "#0"}
			}},
		{
			"name": "Under", "from": [1, 10, 11], "to": [2, 11, 14], "rotation": {"angle": 0, "axis": "y", "origin": [1.5, 10, 8]}, "faces": {
				"north": {"uv": [0, 0, 1, 1], "texture": "#0"},
				"east": {"uv": [2, 5, 5, 6], "texture": "#0"},
				"west": {"uv": [11, 5, 14, 6], "texture": "#0"},
				"down": {"uv": [3, 6, 6, 7], "rotation": 270, "texture": "#0"}
			}},
		{
			"name": "Under", "from": [1, 9, 13], "to": [2, 10, 14], "rotation": {"angle": 0, "axis": "y", "origin": [1.5, 10, 8]}, "faces": {
				"north": {"uv": [7, 6, 8, 7], "texture": "#0"},
				"east": {"uv": [2, 6, 3, 7], "texture": "#0"},
				"west": {"uv": [13, 6, 14, 7], "texture": "#0"},
				"down": {"uv": [3, 6, 4, 7], "rotation": 270, "texture": "#0"}
			}},
		{
			"name": "Under", "from": [2, 11, 14], "to": [14, 13, 15], "rotation": {"angle": 0, "axis": "y", "origin": [8, 9.75, 8]}, "faces": {
				"north": {"uv": [2, 3, 14, 5], "texture": "#0"},
				"south": {"uv": [2, 3, 14, 5], "texture": "#0"},
				"down": {"uv": [3, 5, 15, 6], "texture": "#0"}
			}},
		{
			"name": "Under", "from": [2, 10, 14], "to": [5, 11, 15], "rotation": {"angle": 0, "axis": "y", "origin": [8, 9.75, 8]}, "faces": {
				"north": {"uv": [11, 5, 14, 6], "texture": "#0"},
				"east": {"uv": [0, 0, 1, 1], "texture": "#0"},
				"south": {"uv": [2, 5, 5, 6], "texture": "#0"},
				"down": {"uv": [3, 6, 6, 7], "texture": "#0"}
			}},
		{
			"name": "Under", "from": [2, 9, 14], "to": [3, 10, 15], "rotation": {"angle": 0, "axis": "y", "origin": [8, 9.75, 8]}, "faces": {
				"north": {"uv": [13, 6, 14, 7], "texture": "#0"},
				"east": {"uv": [7, 6, 8, 7], "texture": "#0"},
				"south": {"uv": [2, 6, 3, 7], "texture": "#0"},
				"down": {"uv": [3, 6, 4, 7], "texture": "#0"}
			}},
		{
			"name": "Under", "from": [13, 9, 14], "to": [14, 10, 15], "rotation": {"angle": 0, "axis": "y", "origin": [8, 9.75, 8]}, "faces": {
				"north": {"uv": [2, 6, 3, 7], "texture": "#0"},
				"south": {"uv": [13, 6, 14, 7], "texture": "#0"},
				"west": {"uv": [7, 6, 8, 7], "texture": "#0"},
				"down": {"uv": [3, 6, 4, 7], "texture": "#0"}
			}},
		{
			"name": "Under", "from": [11, 10, 14], "to": [14, 11, 15], "rotation": {"angle": 0, "axis": "y", "origin": [8, 9.75, 8]}, "faces": {
				"north": {"uv": [2, 5, 5, 6], "texture": "#0"},
				"south": {"uv": [11, 5, 14, 6], "texture": "#0"},
				"west": {"uv": [0, 0, 1, 1], "texture": "#0"},
				"down": {"uv": [3, 6, 6, 7], "texture": "#0"}
			}},
		{
			"name": "Under", "from": [13, 9, 1], "to": [14, 10, 2], "rotation": {"angle": 0, "axis": "y", "origin": [8, 9.75, 8]}, "faces": {
				"north": {"uv": [2, 6, 3, 7], "texture": "#0"},
				"south": {"uv": [13, 6, 14, 7], "texture": "#0"},
				"west": {"uv": [7, 6, 8, 7], "texture": "#0"},
				"down": {"uv": [3, 6, 4, 7], "rotation": 180, "texture": "#0"}
			}},
		{
			"name": "Under", "from": [2, 11, 1], "to": [14, 13, 2], "rotation": {"angle": 0, "axis": "y", "origin": [8, 9.75, 8]}, "faces": {
				"north": {"uv": [2, 3, 14, 5], "texture": "#0"},
				"south": {"uv": [2, 3, 14, 5], "texture": "#0"},
				"down": {"uv": [3, 7, 15, 8], "rotation": 180, "texture": "#0"}
			}},
		{
			"name": "Under", "from": [11, 10, 1], "to": [14, 11, 2], "rotation": {"angle": 0, "axis": "y", "origin": [8, 9.75, 8]}, "faces": {
				"north": {"uv": [2, 5, 5, 6], "texture": "#0"},
				"south": {"uv": [11, 5, 14, 6], "texture": "#0"},
				"west": {"uv": [0, 0, 1, 1], "texture": "#0"},
				"down": {"uv": [3, 6, 6, 7], "rotation": 180, "texture": "#0"}
			}},
		{
			"name": "Under", "from": [2, 10, 1], "to": [5, 11, 2], "rotation": {"angle": 0, "axis": "y", "origin": [8, 9.75, 8]}, "faces": {
				"north": {"uv": [11, 5, 14, 6], "texture": "#0"},
				"east": {"uv": [0, 0, 1, 1], "texture": "#0"},
				"south": {"uv": [2, 5, 5, 6], "texture": "#0"},
				"down": {"uv": [3, 6, 6, 7], "rotation": 180, "texture": "#0"}
			}},
		{
			"name": "Under", "from": [2, 9, 1], "to": [3, 10, 2], "rotation": {"angle": 0, "axis": "y", "origin": [8, 9.75, 8]}, "faces": {
				"north": {"uv": [13, 6, 14, 7], "texture": "#0"},
				"east": {"uv": [7, 6, 8, 7], "texture": "#0"},
				"south": {"uv": [2, 6, 3, 7], "texture": "#0"},
				"down": {"uv": [3, 6, 4, 7], "rotation": 180, "texture": "#0"}
			}},
		{
			"name": "Brush 1", "from": [0, 7, 2], "to": [1, 13, 14], "rotation": {"angle": 0, "axis": "y", "origin": [0.5, 12.5, 2.5]}, "faces": {
				"east": {"uv": [2, 10, 14, 16], "rotation": 180, "texture": "#1"},
				"west": {"uv": [2, 10, 14, 16], "rotation": 180, "texture": "#1"}
			}},
		{
			"name": "Brush 1", "from": [0, 4, 2], "to": [1, 7, 5], "rotation": {"angle": 0, "axis": "y", "origin": [0.5, 6.5, 2.5]}, "faces": {
				"east": {"uv": [2, 7, 5, 10], "rotation": 180, "texture": "#1"},
				"west": {"uv": [11, 7, 14, 10], "rotation": 180, "texture": "#1"}
			}},
		{
			"name": "Brush 1", "from": [0, 5, 5], "to": [1, 7, 6], "rotation": {"angle": 0, "axis": "y", "origin": [0.5, 6.5, 5.5]}, "faces": {
				"east": {"uv": [5, 9, 6, 11], "rotation": 180, "texture": "#1"},
				"west": {"uv": [10, 8, 11, 10], "rotation": 180, "texture": "#1"}
			}},
		{
			"name": "Brush 1", "from": [0, 4, 11], "to": [1, 7, 14], "rotation": {"angle": 0, "axis": "y", "origin": [0.5, 6.5, 12.5]}, "faces": {
				"east": {"uv": [11, 7, 14, 10], "rotation": 180, "texture": "#1"},
				"west": {"uv": [2, 7, 5, 10], "rotation": 180, "texture": "#1"}
			}},
		{
			"name": "Brush 1", "from": [0, 5, 10], "to": [1, 7, 11], "rotation": {"angle": 0, "axis": "y", "origin": [0.5, 6.5, 9.5]}, "faces": {
				"east": {"uv": [10, 8, 11, 10], "rotation": 180, "texture": "#1"},
				"west": {"uv": [5, 8, 6, 10], "rotation": 180, "texture": "#1"}
			}},
		{
			"name": "Brush 2", "from": [15, 7, 2], "to": [16, 13, 14], "rotation": {"angle": 0, "axis": "y", "origin": [15.5, 12.5, 2.5]}, "faces": {
				"east": {"uv": [2, 10, 14, 16], "rotation": 180, "texture": "#1"},
				"west": {"uv": [2, 10, 14, 16], "rotation": 180, "texture": "#1"}
			}},
		{
			"name": "Brush 2", "from": [15, 4, 2], "to": [16, 7, 5], "rotation": {"angle": 0, "axis": "y", "origin": [15.5, 6.5, 2.5]}, "faces": {
				"east": {"uv": [2, 7, 5, 10], "rotation": 180, "texture": "#1"},
				"west": {"uv": [11, 7, 14, 10], "rotation": 180, "texture": "#1"}
			}},
		{
			"name": "Brush 2", "from": [15, 5, 5], "to": [16, 7, 6], "rotation": {"angle": 0, "axis": "y", "origin": [15.5, 6.5, 5.5]}, "faces": {
				"east": {"uv": [5, 9, 6, 11], "rotation": 180, "texture": "#1"},
				"west": {"uv": [10, 8, 11, 10], "rotation": 180, "texture": "#1"}
			}},
		{
			"name": "Brush 2", "from": [15, 4, 11], "to": [16, 7, 14], "rotation": {"angle": 0, "axis": "y", "origin": [15.5, 6.5, 12.5]}, "faces": {
				"east": {"uv": [11, 7, 14, 10], "rotation": 180, "texture": "#1"},
				"west": {"uv": [2, 7, 5, 10], "rotation": 180, "texture": "#1"}
			}},
		{
			"name": "Brush 2", "from": [15, 5, 10], "to": [16, 7, 11], "rotation": {"angle": 0, "axis": "y", "origin": [15.5, 6.5, 9.5]}, "faces": {
				"east": {"uv": [10, 8, 11, 10], "rotation": 180, "texture": "#1"},
				"west": {"uv": [5, 8, 6, 10], "rotation": 180, "texture": "#1"}
			}},
		{
			"name": "Brush 3", "from": [2, 7, 0], "to": [14, 13, 1], "rotation": {"angle": 0, "axis": "y", "origin": [8, 6.6, 0.5]}, "faces": {
				"north": {"uv": [2, 10, 14, 16], "rotation": 180, "texture": "#1"},
				"south": {"uv": [2, 10, 14, 16], "rotation": 180, "texture": "#1"}
			}},
		{
			"name": "Brush 3", "from": [11, 4, 0], "to": [14, 7, 1], "rotation": {"angle": 0, "axis": "y", "origin": [8, 6.6, 0.5]}, "faces": {
				"north": {"uv": [11, 7, 14, 10], "rotation": 180, "texture": "#1"},
				"south": {"uv": [2, 7, 5, 10], "rotation": 180, "texture": "#1"}
			}},
		{
			"name": "Brush 3", "from": [10, 5, 0], "to": [11, 7, 1], "rotation": {"angle": 0, "axis": "y", "origin": [8, 6.6, 0.5]}, "faces": {
				"north": {"uv": [10, 8, 11, 10], "rotation": 180, "texture": "#1"},
				"south": {"uv": [5, 9, 6, 11], "rotation": 180, "texture": "#1"}
			}},
		{
			"name": "Brush 3", "from": [2, 4, 0], "to": [5, 7, 1], "rotation": {"angle": 0, "axis": "y", "origin": [8, 6.6, 0.5]}, "faces": {
				"north": {"uv": [2, 7, 5, 10], "rotation": 180, "texture": "#1"},
				"south": {"uv": [11, 7, 14, 10], "rotation": 180, "texture": "#1"}
			}},
		{
			"name": "Brush 3", "from": [5, 5, 0], "to": [6, 7, 1], "rotation": {"angle": 0, "axis": "y", "origin": [8, 6.6, 0.5]}, "faces": {
				"north": {"uv": [5, 8, 6, 10], "rotation": 180, "texture": "#1"},
				"south": {"uv": [10, 8, 11, 10], "rotation": 180, "texture": "#1"}
			}},
		{
			"name": "Brush 4", "from": [5, 5, 15], "to": [6, 7, 16], "rotation": {"angle": 0, "axis": "y", "origin": [8, 6.6, 15.5]}, "faces": {
				"north": {"uv": [5, 8, 6, 10], "rotation": 180, "texture": "#1"},
				"south": {"uv": [10, 8, 11, 10], "rotation": 180, "texture": "#1"}
			}},
		{
			"name": "Brush 4", "from": [2, 4, 15], "to": [5, 7, 16], "rotation": {"angle": 0, "axis": "y", "origin": [8, 6.6, 15.5]}, "faces": {
				"north": {"uv": [2, 7, 5, 10], "rotation": 180, "texture": "#1"},
				"south": {"uv": [11, 7, 14, 10], "rotation": 180, "texture": "#1"}
			}},
		{
			"name": "Brush 4", "from": [10, 5, 15], "to": [11, 7, 16], "rotation": {"angle": 0, "axis": "y", "origin": [8, 6.6, 15.5]}, "faces": {
				"north": {"uv": [10, 8, 11, 10], "rotation": 180, "texture": "#1"},
				"south": {"uv": [5, 9, 6, 11], "rotation": 180, "texture": "#1"}
			}},
		{
			"name": "Brush 4", "from": [11, 4, 15], "to": [14, 7, 16], "rotation": {"angle": 0, "axis": "y", "origin": [8, 6.6, 15.5]}, "faces": {
				"north": {"uv": [11, 7, 14, 10], "rotation": 180, "texture": "#1"},
				"south": {"uv": [2, 7, 5, 10], "rotation": 180, "texture": "#1"}
			}},
		{
			"name": "Brush 4", "from": [2, 7, 15], "to": [14, 13, 16], "rotation": {"angle": 0, "axis": "y", "origin": [8, 6.6, 15.5]}, "faces": {
				"north": {"uv": [2, 10, 14, 16], "rotation": 180, "texture": "#1"},
				"south": {"uv": [2, 10, 14, 16], "rotation": 180, "texture": "#1"}
			}}
	],
	"display": {
		"thirdperson_righthand": {
			"rotation": [45, 0, 0], "translation": [0, 1, 0], "scale": [0.35, 0.35, 0.35]
		},
		"thirdperson_lefthand": {
			"rotation": [45, 0, 0], "translation": [0, 1, 0], "scale": [0.35, 0.35, 0.35]
		},
		"firstperson_righthand": {
			"rotation": [-10, 15, 0], "translation": [1, 0, 0], "scale": [0.4, 0.4, 0.4]
		},
		"firstperson_lefthand": {
			"rotation": [-10, 15, 0], "translation": [1, 0, 0], "scale": [0.4, 0.4, 0.4]
		},
		"ground": {
			"translation": [0, 1, 0], "scale": [0.3, 0.3, 0.3]
		},
		"gui": {
			"rotation": [35, -135, 0], "translation": [0, -1, 0], "scale": [0.5, 0.5, 0.5]
		},
		"head": {
			"translation": [0, -32.9, 0], "scale": [2.289, 2.289, 2.289]
		},
		"fixed": {
			"scale": [0.8, 0.8, 0.8]
		}
	}
}