{
		"textures": {"0": "block/dark_oak_planks"
	},
	"elements": [{
			"name": "leg", "from": [6, 9, 3], "to": [10, 13, 7], "rotation": {"angle": 0, "axis": "y", "origin": [7.5, 5.83333, 5.5]}, "faces": {
				"north": {"uv": [0, 3, 4, 7], "texture": "#0"},
				"east": {"uv": [3, 3, 7, 7], "texture": "#0"},
				"south": {"uv": [0, 3, 4, 7], "texture": "#0"},
				"west": {"uv": [12, 3, 16, 7], "texture": "#0"},
				"down": {"uv": [12, 0, 16, 4], "texture": "#0"}
			}},
		{
			"name": "leg", "from": [6.5, 2, 3.5], "to": [9.5, 9, 6.5], "rotation": {"angle": 0, "axis": "y", "origin": [7.5, 5.83333, 5.5]}, "faces": {
				"north": {"uv": [1, 7, 4, 14], "texture": "#0"},
				"east": {"uv": [13, 7, 16, 14], "texture": "#0"},
				"south": {"uv": [9, 7, 12, 14], "texture": "#0"},
				"west": {"uv": [5, 7, 8, 14], "texture": "#0"}
			}},
		{
			"name": "leg", "from": [6, 0, 5], "to": [10, 2, 7], "rotation": {"angle": 0, "axis": "y", "origin": [7.5, 5.83333, 5.5]}, "faces": {
				"east": {"uv": [10, 14, 12, 16], "texture": "#0"},
				"south": {"uv": [8, 14, 12, 16], "texture": "#0"},
				"west": {"uv": [5, 14, 7, 16], "texture": "#0"},
				"up": {"uv": [12, 8, 16, 10], "texture": "#0"},
				"down": {"uv": [6, 4, 10, 6], "texture": "#0"}
			}},
		{
			"name": "leg", "from": [6, 0, 3], "to": [10, 2, 5], "rotation": {"angle": 0, "axis": "y", "origin": [7.5, 5.83333, 3.5]}, "faces": {
				"north": {"uv": [7, 14, 11, 16], "texture": "#0"},
				"east": {"uv": [10, 14, 12, 16], "texture": "#0"},
				"west": {"uv": [5, 14, 7, 16], "texture": "#0"},
				"up": {"uv": [8, 8, 12, 10], "texture": "#0"},
				"down": {"uv": [3, 5, 7, 7], "texture": "#0"}
			}},
		{
			"name": "leg", "from": [6, 4, 3], "to": [10, 6, 7], "rotation": {"angle": 0, "axis": "y", "origin": [7.5, 8.83333, 5.5]}, "faces": {
				"north": {"uv": [0, 14, 4, 16], "texture": "#0"},
				"east": {"uv": [12, 14, 16, 16], "texture": "#0"},
				"south": {"uv": [8, 14, 12, 16], "texture": "#0"},
				"west": {"uv": [4, 14, 8, 16], "texture": "#0"},
				"up": {"uv": [2, 4, 6, 8], "texture": "#0"}
			}},
		{
			"name": "Beam", "from": [0, 12, 4], "to": [16, 13, 6], "rotation": {"angle": 0, "axis": "y", "origin": [8, 12.5, 5]}, "faces": {
				"north": {"uv": [0, 7, 16, 8], "texture": "#0"},
				"east": {"uv": [0, 7, 2, 8], "rotation": 180, "texture": "#0"},
				"south": {"uv": [0, 7, 16, 8], "texture": "#0"},
				"west": {"uv": [0, 7, 2, 8], "rotation": 180, "texture": "#0"},
				"down": {"uv": [0, 5, 16, 7], "texture": "#0"}
			}},
		{
			"name": "Beam", "from": [7, 12, 0], "to": [9, 13, 16], "rotation": {"angle": 0, "axis": "y", "origin": [8, 12.5, 8]}, "faces": {
				"north": {"uv": [0, 7, 2, 8], "rotation": 180, "texture": "#0"},
				"east": {"uv": [0, 7, 16, 8], "texture": "#0"},
				"south": {"uv": [0, 7, 2, 8], "rotation": 180, "texture": "#0"},
				"west": {"uv": [0, 7, 16, 8], "texture": "#0"},
				"down": {"uv": [0, 5, 16, 7], "rotation": 270, "texture": "#0"}
			}},
		{
			"name": "leg", "from": [10, 0, 3], "to": [13, 1, 7], "rotation": {"angle": 0, "axis": "y", "origin": [8, 0.5, 5]}, "faces": {
				"north": {"uv": [4, 7, 7, 8], "texture": "#0"},
				"east": {"uv": [0, 7, 4, 8], "texture": "#0"},
				"south": {"uv": [10, 7, 13, 8], "texture": "#0"},
				"up": {"uv": [0, 3, 4, 6], "rotation": 90, "texture": "#0"},
				"down": {"uv": [2, 9, 6, 12], "rotation": 270, "texture": "#0"}
			}},
		{
			"name": "leg", "from": [3, 0, 3], "to": [6, 1, 7], "rotation": {"angle": 0, "axis": "y", "origin": [8, 0.5, 5]}, "faces": {
				"north": {"uv": [6, 3, 9, 4], "texture": "#0"},
				"south": {"uv": [10, 7, 13, 8], "texture": "#0"},
				"west": {"uv": [7, 7, 11, 8], "texture": "#0"},
				"up": {"uv": [12, 7, 16, 10], "rotation": 270, "texture": "#0"},
				"down": {"uv": [12, 9, 16, 12], "rotation": 90, "texture": "#0"}
			}},
		{
			"name": "leg", "from": [6, 0, 0], "to": [10, 1, 3], "rotation": {"angle": 0, "axis": "y", "origin": [8, 0.5, 2.5]}, "faces": {
				"north": {"uv": [5, 7, 9, 8], "texture": "#0"},
				"east": {"uv": [0, 7, 3, 8], "texture": "#0"},
				"west": {"uv": [9, 7, 12, 8], "texture": "#0"},
				"up": {"uv": [5, 3, 9, 6], "texture": "#0"},
				"down": {"uv": [9, 9, 13, 12], "texture": "#0"}
			}},
		{
			"name": "leg", "from": [6, 0, 7], "to": [10, 1, 16], "rotation": {"angle": 0, "axis": "y", "origin": [8, 0.5, 13.5]}, "faces": {
				"east": {"uv": [0, 7, 9, 8], "texture": "#0"},
				"south": {"uv": [12, 7, 16, 8], "texture": "#0"},
				"west": {"uv": [7, 7, 16, 8], "texture": "#0"},
				"up": {"uv": [0, 7, 4, 16], "texture": "#0"},
				"down": {"uv": [5, 7, 9, 16], "rotation": 180, "texture": "#0"}
			}},
		{
			"name": "leg", "from": [10, 1, 4], "to": [13, 2, 6], "rotation": {"angle": 0, "axis": "y", "origin": [8, 1.5, 5]}, "faces": {
				"north": {"uv": [3, 3, 4, 6], "rotation": 270, "texture": "#0"},
				"east": {"uv": [1, 6, 3, 7], "texture": "#0"},
				"south": {"uv": [0, 3, 1, 6], "rotation": 90, "texture": "#0"},
				"up": {"uv": [1, 3, 3, 6], "rotation": 90, "texture": "#0"}
			}},
		{
			"name": "leg", "from": [7, 1, 7], "to": [9, 2, 16], "rotation": {"angle": 0, "axis": "y", "origin": [8, 1.5, 13.5]}, "faces": {
				"east": {"uv": [3, 7, 4, 16], "rotation": 90, "texture": "#0"},
				"south": {"uv": [12, 7, 14, 8], "texture": "#0"},
				"west": {"uv": [0, 7, 1, 16], "rotation": 270, "texture": "#0"},
				"up": {"uv": [1, 7, 3, 16], "texture": "#0"}
			}},
		{
			"name": "leg", "from": [7, 1, 0], "to": [9, 2, 3], "rotation": {"angle": 0, "axis": "y", "origin": [8, 1.5, 2.5]}, "faces": {
				"north": {"uv": [5, 7, 7, 8], "texture": "#0"},
				"east": {"uv": [8, 3, 9, 6], "rotation": 90, "texture": "#0"},
				"west": {"uv": [9, 3, 10, 6], "rotation": 270, "texture": "#0"},
				"up": {"uv": [6, 3, 8, 6], "texture": "#0"}
			}},
		{
			"name": "leg", "from": [3, 1, 4], "to": [6, 2, 6], "rotation": {"angle": 0, "axis": "y", "origin": [8, 1.5, 5]}, "faces": {
				"north": {"uv": [15, 7, 16, 10], "rotation": 90, "texture": "#0"},
				"south": {"uv": [12, 7, 13, 10], "rotation": 270, "texture": "#0"},
				"west": {"uv": [7, 7, 9, 8], "texture": "#0"},
				"up": {"uv": [13, 7, 15, 10], "rotation": 270, "texture": "#0"}
			}},
		{
			"name": "Peg", "from": [10, 0, 0], "to": [11, 1, 1], "rotation": {"angle": 0, "axis": "y", "origin": [9, 0.5, 6]}, "faces": {
				"north": {"uv": [4, 7, 5, 8], "texture": "#0"},
				"east": {"uv": [3, 7, 4, 8], "texture": "#0"},
				"south": {"uv": [2, 7, 3, 8], "texture": "#0"},
				"up": {"uv": [8, 3, 9, 4], "texture": "#0"},
				"down": {"uv": [6, 3, 7, 4], "rotation": 90, "texture": "#0"}
			}},
		{
			"name": "Peg", "from": [5, 0, 0], "to": [6, 1, 1], "rotation": {"angle": 0, "axis": "y", "origin": [7, 0.5, 6]}, "faces": {
				"north": {"uv": [9, 7, 10, 8], "texture": "#0"},
				"south": {"uv": [11, 7, 12, 8], "texture": "#0"},
				"west": {"uv": [10, 7, 11, 8], "texture": "#0"},
				"up": {"uv": [5, 3, 6, 4], "texture": "#0"},
				"down": {"uv": [6, 3, 7, 4], "rotation": 90, "texture": "#0"}
			}},
		{
			"name": "Peg", "from": [3, 0, 2], "to": [4, 1, 3], "rotation": {"angle": 0, "axis": "y", "origin": [9, 0.5, 4]}, "faces": {
				"north": {"uv": [5, 7, 6, 8], "texture": "#0"},
				"east": {"uv": [5, 7, 6, 8], "texture": "#0"},
				"west": {"uv": [6, 7, 7, 8], "texture": "#0"},
				"up": {"uv": [11, 7, 12, 8], "rotation": 270, "texture": "#0"},
				"down": {"uv": [6, 3, 7, 4], "rotation": 180, "texture": "#0"}
			}},
		{
			"name": "Peg", "from": [3, 0, 7], "to": [4, 1, 8], "rotation": {"angle": 0, "axis": "y", "origin": [9, 0.5, 6]}, "faces": {
				"east": {"uv": [11, 7, 12, 8], "texture": "#0"},
				"south": {"uv": [10, 7, 11, 8], "texture": "#0"},
				"west": {"uv": [10, 7, 11, 8], "texture": "#0"},
				"up": {"uv": [0, 7, 1, 8], "rotation": 270, "texture": "#0"},
				"down": {"uv": [6, 3, 7, 4], "rotation": 180, "texture": "#0"}
			}},
		{
			"name": "Peg", "from": [5, 0, 15], "to": [6, 1, 16], "rotation": {"angle": 0, "axis": "y", "origin": [7, 0.5, 10]}, "faces": {
				"north": {"uv": [9, 7, 10, 8], "texture": "#0"},
				"south": {"uv": [11, 7, 12, 8], "texture": "#0"},
				"west": {"uv": [10, 7, 11, 8], "texture": "#0"},
				"up": {"uv": [15, 15, 16, 16], "rotation": 180, "texture": "#0"},
				"down": {"uv": [6, 3, 7, 4], "rotation": 270, "texture": "#0"}
			}},
		{
			"name": "Peg", "from": [10, 0, 15], "to": [11, 1, 16], "rotation": {"angle": 0, "axis": "y", "origin": [8, 0.5, 10]}, "faces": {
				"north": {"uv": [2, 7, 3, 8], "texture": "#0"},
				"east": {"uv": [1, 7, 2, 8], "texture": "#0"},
				"south": {"uv": [0, 7, 1, 8], "texture": "#0"},
				"up": {"uv": [4, 15, 5, 16], "rotation": 180, "texture": "#0"},
				"down": {"uv": [6, 3, 7, 4], "rotation": 270, "texture": "#0"}
			}},
		{
			"name": "Peg", "from": [12, 0, 7], "to": [13, 1, 8], "rotation": {"angle": 0, "axis": "y", "origin": [7, 0.5, 7]}, "faces": {
				"east": {"uv": [15, 7, 16, 8], "texture": "#0"},
				"south": {"uv": [14, 7, 15, 8], "texture": "#0"},
				"west": {"uv": [13, 7, 14, 8], "texture": "#0"},
				"up": {"uv": [4, 3, 5, 4], "rotation": 90, "texture": "#0"},
				"down": {"uv": [6, 3, 7, 4], "texture": "#0"}
			}},
		{
			"name": "Peg", "from": [12, 0, 2], "to": [13, 1, 3], "rotation": {"angle": 0, "axis": "y", "origin": [7, 0.5, 1]}, "faces": {
				"north": {"uv": [5, 7, 6, 8], "texture": "#0"},
				"east": {"uv": [4, 7, 5, 8], "texture": "#0"},
				"west": {"uv": [6, 7, 7, 8], "texture": "#0"},
				"up": {"uv": [15, 3, 16, 4], "rotation": 90, "texture": "#0"},
				"down": {"uv": [6, 3, 7, 4], "texture": "#0"}
			}}
	],
	"display": {
		"thirdperson_righthand": {
			"rotation": [45, 0, 0], "translation": [0, 1, 0], "scale": [0.35, 0.35, 0.35]
		},
		"thirdperson_lefthand": {
			"rotation": [45, 0, 0], "translation": [0, 1, 0], "scale": [0.35, 0.35, 0.35]
		},
		"firstperson_righthand": {
			"rotation": [-10, 15, 0], "translation": [1, 0, 0], "scale": [0.4, 0.4, 0.4]
		},
		"firstperson_lefthand": {
			"rotation": [-10, 15, 0], "translation": [1, 0, 0], "scale": [0.4, 0.4, 0.4]
		},
		"ground": {
			"translation": [0, 1, 0], "scale": [0.3, 0.3, 0.3]
		},
		"gui": {
			"rotation": [35, -135, 0], "translation": [0, -1, 0], "scale": [0.5, 0.5, 0.5]
		},
		"head": {
			"translation": [0, -32.9, 0], "scale": [2.289, 2.289, 2.289]
		},
		"fixed": {
			"scale": [0.8, 0.8, 0.8]
		}
	}
}