{
		"textures": {"0": "block/oak_planks"
	},
	"elements": [{
			"name": "leg",
			"from": [6, 0, 2],
			"to": [10, 13, 6],
			"rotation": {"angle": 0, "axis": "y", "origin": [2.25, 9.25, -2.75]},
			"faces": {
				"north": {"uv": [8, 3, 12, 16], "texture": "#0"},
				"east": {"uv": [4, 3, 8, 16], "texture": "#0"},
				"south": {"uv": [0, 3, 4, 16], "texture": "#0"},
				"west": {"uv": [12, 3, 16, 16], "texture": "#0"},
				"down": {"uv": [12, 7, 16, 11], "texture": "#0"}
			}},
		{
			"name": "Under",
			"from": [0, 12, 2],
			"to": [6, 13, 6],
			"rotation": {"angle": 0, "axis": "y", "origin": [8, 12.5, 4]},
			"faces": {
				"north": {"uv": [3, 3, 4, 9], "rotation": 90, "texture": "#0"},
				"south": {"uv": [3, 2, 4, 8], "rotation": 90, "texture": "#0"},
				"west": {"uv": [0, 15, 4, 16], "texture": "#0"},
				"down": {"uv": [2, 3, 6, 9], "rotation": 270, "texture": "#0"}
			}},
		{
			"name": "Under",
			"from": [6, 12, 0],
			"to": [10, 13, 2],
			"rotation": {"angle": 0, "axis": "y", "origin": [8, 12.5, 8]},
			"faces": {
				"north": {"uv": [0, 15, 4, 16], "texture": "#0"},
				"east": {"uv": [9, 3, 11, 4], "texture": "#0"},
				"west": {"uv": [2, 3, 4, 4], "texture": "#0"},
				"down": {"uv": [2, 3, 6, 5], "rotation": 180, "texture": "#0"}
			}},
		{
			"name": "Under",
			"from": [10, 12, 2],
			"to": [16, 13, 6],
			"rotation": {"angle": 0, "axis": "y", "origin": [8, 12.5, 4]},
			"faces": {
				"north": {"uv": [5, 2, 6, 8], "rotation": 90, "texture": "#0"},
				"east": {"uv": [4, 7, 8, 8], "texture": "#0"},
				"south": {"uv": [3, 3, 4, 9], "rotation": 90, "texture": "#0"},
				"down": {"uv": [7, 2, 11, 8], "rotation": 270, "texture": "#0"}
			}},
		{
			"name": "Under",
			"from": [6, 12, 6],
			"to": [10, 14, 16],
			"rotation": {"angle": 0, "axis": "y", "origin": [8, 12.5, 8]},
			"faces": {
				"east": {"uv": [13, 2, 15, 12], "rotation": 90, "texture": "#0"},
				"south": {"uv": [4, 10, 8, 12], "texture": "#0"},
				"west": {"uv": [4, 3, 6, 13], "rotation": 90, "texture": "#0"},
				"down": {"uv": [6, 6, 10, 16], "rotation": 180, "texture": "#0"}
			}}
	],
	"display": {
		"thirdperson_righthand": {
			"rotation": [45, 0, 0],
			"translation": [0, 1, 0],
			"scale": [0.35, 0.35, 0.35]
		},
		"thirdperson_lefthand": {
			"rotation": [45, 0, 0],
			"translation": [0, 1, 0],
			"scale": [0.35, 0.35, 0.35]
		},
		"firstperson_righthand": {
			"rotation": [-10, 15, 0],
			"translation": [1, 0, 0],
			"scale": [0.4, 0.4, 0.4]
		},
		"firstperson_lefthand": {
			"rotation": [-10, 15, 0],
			"translation": [1, 0, 0],
			"scale": [0.4, 0.4, 0.4]
		},
		"ground": {
			"translation": [0, 1, 0],
			"scale": [0.3, 0.3, 0.3]
		},
		"gui": {
			"rotation": [35, -135, 0],
			"translation": [0, -2, 0],
			"scale": [0.5, 0.5, 0.5]
		},
		"head": {
			"translation": [0, -32.9, 0],
			"scale": [2.289, 2.289, 2.289]
		},
		"fixed": {
			"scale": [0.8, 0.8, 0.8]
		}
	}
}