{
	"credit": "Made with Blockbench, a free, modern block model editor by JannisX11",
	"textures": {"5": "block/white_wool"
	},
	"elements": [{
			"name": "Wool", "from": [2.5, 9.25, 2.5], "to": [13.5, 10.25, 13.5], "faces": {
				"north": {"uv": [2.5, 1, 13.5, 2], "texture": "#1"},
				"east": {"uv": [2.5, 1, 13.5, 2], "texture": "#1"},
				"south": {"uv": [2.5, 1, 13.5, 2], "texture": "#1"},
				"west": {"uv": [3.5, 1, 14.5, 2], "texture": "#1"},
				"up": {"uv": [2.5, 2.5, 13.5, 13.5], "texture": "#1"},
				"down": {"uv": [0, 0, 11, 11], "texture": "#1"}
			}},
		{
			"name": "Wool", "from": [0.75, 13.75, 3.25], "to": [2.75, 14.75, 12.75], "faces": {
				"north": {"uv": [0, 0, 2, 1], "texture": "#1"},
				"east": {"uv": [0, 0, 9.5, 1], "texture": "#1"},
				"south": {"uv": [0, 0, 2, 1], "texture": "#1"},
				"west": {"uv": [0, 0, 9.5, 1], "texture": "#1"},
				"up": {"uv": [4, 2.5, 6, 12], "texture": "#1"},
				"down": {"uv": [0, 0, 2, 9.5], "texture": "#1"}
			}},
		{
			"name": "Wool", "from": [13.25, 13.75, 3.25], "to": [15.25, 14.75, 12.75], "faces": {
				"north": {"uv": [0, 0, 2, 1], "texture": "#1"},
				"east": {"uv": [0, 0, 9.5, 1], "texture": "#1"},
				"south": {"uv": [0, 0, 2, 1], "texture": "#1"},
				"west": {"uv": [0, 0, 9.5, 1], "texture": "#1"},
				"up": {"uv": [8, 2.5, 10, 12], "texture": "#1"},
				"down": {"uv": [0, 0, 2, 9.5], "texture": "#1"}
			}},
		{
			"from": [4, 16, 12.9], "to": [12, 29, 15.4], "faces": {
				"north": {"uv": [4, 1, 12, 14], "texture": "#1"},
				"east": {"uv": [5, 1, 6, 14], "texture": "#1"},
				"south": {"uv": [0, 0, 6, 13], "texture": "#1"},
				"west": {"uv": [9, 1, 10, 14], "texture": "#1"},
				"up": {"uv": [4, 0, 12, 1], "texture": "#1"},
				"down": {"uv": [4, 0, 12, 1], "texture": "#1"}
			}},
		{
			"from": [13.5, 16, 13.1], "to": [15, 30.5, 15.35], "faces": {
				"north": {"uv": [6, 1, 7.5, 15.5], "texture": "#1"},
				"east": {"uv": [0, 0, 1, 14.5], "texture": "#1"},
				"south": {"uv": [0, 0, 1.5, 14.5], "texture": "#1"},
				"west": {"uv": [0, 0, 1, 14.5], "texture": "#1"},
				"up": {"uv": [0, 0, 1.5, 1], "texture": "#1"},
				"down": {"uv": [0, 0, 1.5, 1], "texture": "#1"}
			}},
		{
			"from": [1, 16, 13.1], "to": [2.5, 30.5, 15.35], "faces": {
				"north": {"uv": [6, 1, 7.5, 15.5], "texture": "#1"},
				"east": {"uv": [0, 0, 1, 14.5], "texture": "#1"},
				"south": {"uv": [0, 0, 1.5, 14.5], "texture": "#1"},
				"west": {"uv": [0, 0, 1, 14.5], "texture": "#1"},
				"up": {"uv": [0, 0, 1.5, 1], "texture": "#1"},
				"down": {"uv": [0, 0, 1.5, 1], "texture": "#1"}
			}},
		{
			"name": "Wool", "from": [2.5, 7.1, 1.65], "to": [13.5, 7.9, 2.4], "faces": {
				"north": {"uv": [3, 3, 14, 3.8], "texture": "#1"},
				"east": {"uv": [0, 0, 0.75, 0.8], "texture": "#1"},
				"south": {"uv": [0, 0, 11, 0.8], "texture": "#1"},
				"west": {"uv": [0, 0, 0.75, 0.8], "texture": "#1"},
				"up": {"uv": [0, 0, 11, 0.75], "texture": "#1"},
				"down": {"uv": [0, 0, 11, 0.75], "texture": "#1"}
			}},
		{
			"name": "Wool", "from": [2.5, 7.1, 13.65], "to": [13.5, 7.9, 14.4], "faces": {
				"north": {"uv": [3, 3, 14, 3.8], "texture": "#1"},
				"east": {"uv": [0, 0, 0.75, 0.8], "texture": "#1"},
				"south": {"uv": [0, 0, 11, 0.8], "texture": "#1"},
				"west": {"uv": [0, 0, 0.75, 0.8], "texture": "#1"},
				"up": {"uv": [0, 0, 11, 0.75], "texture": "#1"},
				"down": {"uv": [0, 0, 11, 0.75], "texture": "#1"}
			}},
		{
			"name": "Wool", "from": [1.65, 7.1, 2.55], "to": [2.4, 7.9, 13.55], "faces": {
				"north": {"uv": [0, 0, 0.75, 0.8], "texture": "#1"},
				"east": {"uv": [2.5, 6, 13.5, 6.8], "texture": "#1"},
				"south": {"uv": [0, 0, 0.75, 0.8], "texture": "#1"},
				"west": {"uv": [3, 4, 14, 4.8], "texture": "#1"},
				"up": {"uv": [0, 0, 0.75, 11], "texture": "#1"},
				"down": {"uv": [0, 0, 0.75, 11], "texture": "#1"}
			}},
		{
			"name": "Wool", "from": [13.65, 7.1, 2.55], "to": [14.4, 7.9, 13.55], "faces": {
				"north": {"uv": [0, 0, 0.75, 0.8], "texture": "#1"},
				"east": {"uv": [2, 6, 13, 6.8], "texture": "#1"},
				"south": {"uv": [0, 0, 0.75, 0.8], "texture": "#1"},
				"west": {"uv": [3, 4, 14, 4.8], "texture": "#1"},
				"up": {"uv": [0, 0, 0.75, 11], "texture": "#1"},
				"down": {"uv": [0, 0, 0.75, 11], "texture": "#1"}
			}}
	],
	"display": {
		"thirdperson_righthand": {
			"rotation": [0, 0, 0], "translation": [0, 0, 0], "scale": [0.85, 0.85, 0.85]
		},
		"thirdperson_lefthand": {
			"rotation": [90, -90, 0], "translation": [-6.1, -2, -25.5], "scale": [2.02, 2, 2]
		},
		"firstperson_lefthand": {
			"rotation": [0, 0, 0], "translation": [0, 0, 0], "scale": [0.2, 0.2, 0.2]
		},
		"gui": {
			"rotation": [30, 35, 0], "translation": [0, -4, 0], "scale": [0.5, 0.5, 0.5]
		},
		"head": {
			"rotation": [0, 90, 0], "translation": [0, -29.5, 0], "scale": [2.3, 2.3, 2.3]
		},
		"fixed": {
			"rotation": [0, 0, 0], "translation": [0, -4, 0], "scale": [0.5, 0.5, 0.5]
		}
	}
}