{
	"credit": "Made with Blockbench, a free, modern block model editor by JannisX11",
	"textures": {"0": "block/gold_block",
		"1": "block/lapis_block",
		"2": "block/beacon",
		"3": "block/emerald_block",
		"particle": "block/lapis_block"
	},
	"elements": [{
			"name": "THRONE SEAT", "from": [1, 9, 1], "to": [15, 10, 15], "faces": {
				"north": {"uv": [1, 8, 15, 9], "texture": "#0"},
				"east": {"uv": [1, 2, 15, 3], "texture": "#0"},
				"south": {"uv": [2, 7, 16, 8], "texture": "#0"},
				"west": {"uv": [1, 2.5, 15, 3.5], "texture": "#0", "rotation": 180},
				"up": {"uv": [1, 1, 15, 15], "texture": "#0"},
				"down": {"uv": [1, 1, 15, 15], "texture": "#0", "rotation": 180}
			}},
		{
			"name": "Legs", "from": [13.25, 3, 0.75], "to": [15.25, 12, 2.75], "faces": {
				"north": {"uv": [6, 0, 8, 9], "texture": "#0"},
				"east": {"uv": [4, 0, 6, 9], "texture": "#0"},
				"south": {"uv": [10, 0, 12, 9], "texture": "#0"},
				"west": {"uv": [8, 0, 10, 9], "texture": "#0"},
				"up": {"uv": [0, 0, 2, 2], "texture": "#0"},
				"down": {"uv": [0, 0, 2, 2], "texture": "#0"}
			}},
		{
			"name": "Legs", "from": [13, 12, 0.5], "to": [15.5, 13.5, 3], "faces": {
				"north": {"uv": [1, 2, 3.5, 3.5], "texture": "#0"},
				"east": {"uv": [1, 1, 3.5, 2.5], "texture": "#0"},
				"south": {"uv": [2, 1, 4.5, 2.5], "texture": "#0"},
				"west": {"uv": [1, 2, 3.5, 3.5], "texture": "#0"},
				"down": {"uv": [1, 1, 3.5, 3.5], "texture": "#0"}
			}},
		{
			"name": "Legs", "from": [12.75, 13.5, 0.25], "to": [15.75, 15, 3.25], "faces": {
				"north": {"uv": [7, 0, 10, 1.5], "texture": "#0"},
				"east": {"uv": [4, 0, 7, 1.5], "texture": "#0"},
				"south": {"uv": [0, 0, 3, 1.5], "texture": "#0"},
				"west": {"uv": [7, 0, 10, 1.5], "texture": "#0"},
				"up": {"uv": [1, 1, 4, 4], "texture": "#0"},
				"down": {"uv": [1, 1, 4, 4], "texture": "#0"}
			}},
		{
			"from": [13, 13.5, 3.25], "to": [15.5, 14.5, 12.75], "faces": {
				"north": {"uv": [0, 0, 2.5, 1.5], "texture": "#0"},
				"east": {"uv": [4, 0, 13.5, 1], "texture": "#0"},
				"south": {"uv": [0, 0, 2.5, 1.5], "texture": "#0"},
				"west": {"uv": [4.5, 11, 14, 12], "texture": "#0"},
				"up": {"uv": [13.5, 1.5, 16, 11], "texture": "#0"},
				"down": {"uv": [10.5, 3, 13, 12.5], "texture": "#0"}
			}},
		{
			"name": "Legs", "from": [13, 1.5, 0.5], "to": [15.5, 3, 3], "faces": {
				"north": {"uv": [1, 2, 3.5, 3.5], "texture": "#0"},
				"east": {"uv": [1, 1, 3.5, 2.5], "texture": "#0"},
				"south": {"uv": [2, 1, 4.5, 2.5], "texture": "#0"},
				"west": {"uv": [1, 2, 3.5, 3.5], "texture": "#0"},
				"up": {"uv": [1, 1, 3.5, 3.5], "texture": "#0"}
			}},
		{
			"name": "Legs", "from": [12.75, 0, 0.25], "to": [15.75, 1.5, 3.25], "faces": {
				"north": {"uv": [7, 0, 10, 1.5], "texture": "#0"},
				"east": {"uv": [4, 0, 7, 1.5], "texture": "#0"},
				"south": {"uv": [0, 0, 3, 1.5], "texture": "#0"},
				"west": {"uv": [7, 0, 10, 1.5], "texture": "#0"},
				"up": {"uv": [1, 1, 4, 4], "texture": "#0"},
				"down": {"uv": [1, 1, 4, 4], "texture": "#0"}
			}},
		{
			"name": "Legs", "from": [13.25, 3, 13.25], "to": [15.25, 12, 15.25], "faces": {
				"north": {"uv": [6, 0, 8, 9], "texture": "#0"},
				"east": {"uv": [4, 0, 6, 9], "texture": "#0"},
				"south": {"uv": [10, 0, 12, 9], "texture": "#0"},
				"west": {"uv": [8, 0, 10, 9], "texture": "#0"},
				"up": {"uv": [0, 0, 2, 2], "texture": "#0"},
				"down": {"uv": [0, 0, 2, 2], "texture": "#0"}
			}},
		{
			"name": "Legs", "from": [13, 1.5, 13], "to": [15.5, 3, 15.5], "faces": {
				"north": {"uv": [1, 2, 3.5, 3.5], "texture": "#0"},
				"east": {"uv": [1, 1, 3.5, 2.5], "texture": "#0"},
				"south": {"uv": [2, 1, 4.5, 2.5], "texture": "#0"},
				"west": {"uv": [1, 2, 3.5, 3.5], "texture": "#0"},
				"up": {"uv": [1, 1, 3.5, 3.5], "texture": "#0"}
			}},
		{
			"name": "Legs", "from": [12.75, 0, 12.75], "to": [15.75, 1.5, 15.75], "faces": {
				"north": {"uv": [7, 0, 10, 1.5], "texture": "#0"},
				"east": {"uv": [4, 0, 7, 1.5], "texture": "#0"},
				"south": {"uv": [0, 0, 3, 1.5], "texture": "#0"},
				"west": {"uv": [7, 0, 10, 1.5], "texture": "#0"},
				"up": {"uv": [1, 1, 4, 4], "texture": "#0"},
				"down": {"uv": [6, 1, 9, 4], "texture": "#0"}
			}},
		{
			"name": "Legs", "from": [13, 12, 13], "to": [15.5, 13.5, 15.5], "faces": {
				"north": {"uv": [1, 2, 3.5, 3.5], "texture": "#0"},
				"east": {"uv": [2.5, 5, 5, 6.5], "texture": "#0"},
				"south": {"uv": [5, 1, 7.5, 2.5], "texture": "#0"},
				"west": {"uv": [1, 2, 3.5, 3.5], "texture": "#0"},
				"down": {"uv": [1, 1, 3.5, 3.5], "texture": "#0"}
			}},
		{
			"name": "Legs", "from": [12.75, 13.5, 12.75], "to": [15.75, 15, 15.75], "faces": {
				"north": {"uv": [7, 0, 10, 1.5], "texture": "#0"},
				"east": {"uv": [4, 0, 7, 1.5], "texture": "#0"},
				"south": {"uv": [0, 0, 3, 1.5], "texture": "#0"},
				"west": {"uv": [7, 0, 10, 1.5], "texture": "#0"},
				"up": {"uv": [1, 1, 4, 4], "texture": "#0"},
				"down": {"uv": [1, 1, 4, 4], "texture": "#0"}
			}},
		{
			"name": "Legs", "from": [0.25, 13.5, 0.25], "to": [3.25, 15, 3.25], "faces": {
				"north": {"uv": [7, 0, 10, 1.5], "texture": "#0"},
				"east": {"uv": [4, 0, 7, 1.5], "texture": "#0"},
				"south": {"uv": [0, 0, 3, 1.5], "texture": "#0"},
				"west": {"uv": [7, 0, 10, 1.5], "texture": "#0"},
				"up": {"uv": [1, 1, 4, 4], "texture": "#0"},
				"down": {"uv": [1, 1, 4, 4], "texture": "#0"}
			}},
		{
			"from": [0.5, 13.5, 3.25], "to": [3, 14.5, 12.75], "faces": {
				"north": {"uv": [0, 0, 2.5, 1.5], "texture": "#0"},
				"east": {"uv": [4.5, 9, 14, 10], "texture": "#0"},
				"south": {"uv": [0, 0, 2.5, 1.5], "texture": "#0"},
				"west": {"uv": [4, 0, 13.5, 1], "texture": "#0"},
				"up": {"uv": [0, 1, 2.5, 10.5], "texture": "#0"},
				"down": {"uv": [7, 3.5, 9.5, 13], "texture": "#0"}
			}},
		{
			"name": "Legs", "from": [0.25, 13.5, 12.75], "to": [3.25, 15, 15.75], "faces": {
				"north": {"uv": [7, 0, 10, 1.5], "texture": "#0"},
				"east": {"uv": [4, 0, 7, 1.5], "texture": "#0"},
				"south": {"uv": [0, 0, 3, 1.5], "texture": "#0"},
				"west": {"uv": [7, 0, 10, 1.5], "texture": "#0"},
				"up": {"uv": [1, 1, 4, 4], "texture": "#0"},
				"down": {"uv": [1, 1, 4, 4], "texture": "#0"}
			}},
		{
			"name": "Legs", "from": [0.5, 12, 13], "to": [3, 13.5, 15.5], "faces": {
				"north": {"uv": [1, 2, 3.5, 3.5], "texture": "#0"},
				"east": {"uv": [1, 1, 3.5, 2.5], "texture": "#0"},
				"south": {"uv": [5, 4.5, 7.5, 6], "texture": "#0"},
				"west": {"uv": [5, 2, 7.5, 3.5], "texture": "#0"},
				"down": {"uv": [1, 1, 3.5, 3.5], "texture": "#0"}
			}},
		{
			"name": "Legs", "from": [0.5, 12, 0.5], "to": [3, 13.5, 3], "faces": {
				"north": {"uv": [12.5, 7.5, 15, 9], "texture": "#0"},
				"east": {"uv": [4, 1, 6.5, 2.5], "texture": "#0"},
				"south": {"uv": [2, 1, 4.5, 2.5], "texture": "#0"},
				"west": {"uv": [8, 1, 10.5, 2.5], "texture": "#0"},
				"down": {"uv": [1, 1, 3.5, 3.5], "texture": "#0"}
			}},
		{
			"name": "Legs", "from": [0.75, 3, 0.75], "to": [2.75, 12, 2.75], "faces": {
				"north": {"uv": [6, 0, 8, 9], "texture": "#0"},
				"east": {"uv": [4, 0, 6, 9], "texture": "#0"},
				"south": {"uv": [10, 0, 12, 9], "texture": "#0"},
				"west": {"uv": [8, 0, 10, 9], "texture": "#0"},
				"up": {"uv": [0, 0, 2, 2], "texture": "#0"},
				"down": {"uv": [0, 0, 2, 2], "texture": "#0"}
			}},
		{
			"name": "Legs", "from": [0.75, 3, 13.25], "to": [2.75, 12, 15.25], "faces": {
				"north": {"uv": [6, 0, 8, 9], "texture": "#0"},
				"east": {"uv": [4, 0, 6, 9], "texture": "#0"},
				"south": {"uv": [10, 0, 12, 9], "texture": "#0"},
				"west": {"uv": [8, 0, 10, 9], "texture": "#0"},
				"up": {"uv": [0, 0, 2, 2], "texture": "#0"},
				"down": {"uv": [0, 0, 2, 2], "texture": "#0"}
			}},
		{
			"name": "Legs", "from": [0.5, 1.5, 13], "to": [3, 3, 15.5], "faces": {
				"north": {"uv": [1, 2, 3.5, 3.5], "texture": "#0"},
				"east": {"uv": [1, 1, 3.5, 2.5], "texture": "#0"},
				"south": {"uv": [2, 1, 4.5, 2.5], "texture": "#0"},
				"west": {"uv": [1, 2, 3.5, 3.5], "texture": "#0"},
				"up": {"uv": [1, 1, 3.5, 3.5], "texture": "#0"}
			}},
		{
			"name": "Legs", "from": [0.25, 0, 12.75], "to": [3.25, 1.5, 15.75], "faces": {
				"north": {"uv": [7, 0, 10, 1.5], "texture": "#0"},
				"east": {"uv": [4, 0, 7, 1.5], "texture": "#0"},
				"south": {"uv": [0, 0, 3, 1.5], "texture": "#0"},
				"west": {"uv": [7, 0, 10, 1.5], "texture": "#0"},
				"up": {"uv": [1, 1, 4, 4], "texture": "#0"},
				"down": {"uv": [6, 1, 9, 4], "texture": "#0"}
			}},
		{
			"name": "Legs", "from": [0.5, 1.5, 0.5], "to": [3, 3, 3], "faces": {
				"north": {"uv": [1, 2, 3.5, 3.5], "texture": "#0"},
				"east": {"uv": [1, 1, 3.5, 2.5], "texture": "#0"},
				"south": {"uv": [2, 1, 4.5, 2.5], "texture": "#0"},
				"west": {"uv": [1, 2, 3.5, 3.5], "texture": "#0"},
				"up": {"uv": [1, 1, 3.5, 3.5], "texture": "#0"}
			}},
		{
			"name": "Legs", "from": [0.25, 0, 0.25], "to": [3.25, 1.5, 3.25], "faces": {
				"north": {"uv": [7, 0, 10, 1.5], "texture": "#0"},
				"east": {"uv": [4, 0, 7, 1.5], "texture": "#0"},
				"south": {"uv": [0, 0, 3, 1.5], "texture": "#0"},
				"west": {"uv": [7, 0, 10, 1.5], "texture": "#0"},
				"up": {"uv": [1, 1, 4, 4], "texture": "#0"},
				"down": {"uv": [1, 1, 4, 4], "texture": "#0"}
			}},
		{
			"name": "Leg Decoration NS", "from": [10, 6, 1.5], "to": [11, 9, 2.5], "faces": {
				"north": {"uv": [6, 1, 7, 4], "texture": "#0"},
				"east": {"uv": [6, 1, 7, 4], "texture": "#0"},
				"south": {"uv": [6, 1, 7, 4], "texture": "#0"},
				"west": {"uv": [6, 1, 7, 4], "texture": "#0"},
				"up": {"uv": [6, 1, 7, 4], "texture": "#0"},
				"down": {"uv": [4, 3, 5, 4], "texture": "#0"}
			}},
		{
			"name": "Leg Decoration NS", "from": [12.25, 5, 1.5], "to": [13.25, 9, 2.5], "faces": {
				"north": {"uv": [1, 1, 2, 5], "texture": "#0"},
				"east": {"uv": [1, 1, 2, 5], "texture": "#0"},
				"south": {"uv": [1, 1, 2, 5], "texture": "#0"},
				"west": {"uv": [1, 1, 2, 5], "texture": "#0"},
				"up": {"uv": [1, 1, 2, 5], "texture": "#0"},
				"down": {"uv": [3, 1, 4, 2], "texture": "#0"}
			}},
		{
			"name": "Leg Decoration NS", "from": [7.5, 6.5, 1.5], "to": [8.5, 9, 2.5], "faces": {
				"north": {"uv": [7, 1, 8, 3.5], "texture": "#0"},
				"east": {"uv": [7, 1, 8, 3.5], "texture": "#0"},
				"south": {"uv": [7, 1, 8, 3.5], "texture": "#0"},
				"west": {"uv": [7, 1, 8, 3.5], "texture": "#0"},
				"up": {"uv": [7, 1, 8, 3.5], "texture": "#0"},
				"down": {"uv": [4, 4, 5, 5], "texture": "#0"}
			}},
		{
			"name": "Leg Decoration NS", "from": [2.75, 5, 1.5], "to": [3.75, 9, 2.5], "faces": {
				"north": {"uv": [14, 1, 15, 5], "texture": "#0"},
				"east": {"uv": [14, 1, 15, 5], "texture": "#0"},
				"south": {"uv": [14, 1, 15, 5], "texture": "#0"},
				"west": {"uv": [14, 1, 15, 5], "texture": "#0"},
				"up": {"uv": [14, 1, 15, 5], "texture": "#0"},
				"down": {"uv": [5, 3, 6, 4], "texture": "#0"}
			}},
		{
			"name": "Leg Decoration NS", "from": [5, 6, 1.5], "to": [6, 9, 2.5], "faces": {
				"north": {"uv": [11, 1, 12, 4], "texture": "#0"},
				"east": {"uv": [11, 1, 12, 4], "texture": "#0"},
				"south": {"uv": [11, 1, 12, 4], "texture": "#0"},
				"west": {"uv": [11, 1, 12, 4], "texture": "#0"},
				"up": {"uv": [11, 1, 12, 4], "texture": "#0"},
				"down": {"uv": [3, 3, 4, 4], "texture": "#0"}
			}},
		{
			"name": "Leg Decoration NS", "from": [11, 6.25, 1.75], "to": [12.25, 9, 2.25], "faces": {
				"north": {"uv": [1, 1, 2.25, 3.75], "texture": "#0"},
				"south": {"uv": [1, 1, 2.25, 3.75], "texture": "#0"},
				"down": {"uv": [5, 2, 6.25, 2.5], "texture": "#0"}
			}},
		{
			"name": "Leg Decoration NS", "from": [6, 7, 1.75], "to": [10, 9, 2.25], "faces": {
				"north": {"uv": [6, 1, 10, 3], "texture": "#0"},
				"south": {"uv": [6.5, 1, 10.5, 3], "texture": "#0"},
				"down": {"uv": [4, 4, 8, 4.5], "texture": "#0"}
			}},
		{
			"name": "Leg Decoration NS", "from": [3.75, 6.25, 1.75], "to": [5, 9, 2.25], "faces": {
				"north": {"uv": [10, 1, 11.25, 3.75], "texture": "#0"},
				"south": {"uv": [10, 1, 11.25, 3.75], "texture": "#0"},
				"down": {"uv": [5, 4, 6.25, 4.5], "texture": "#0"}
			}},
		{
			"name": "Leg Decoration NS", "from": [2.75, 8, 1.25], "to": [13.25, 9, 2], "faces": {
				"north": {"uv": [4.5, 0, 15, 1], "texture": "#0"},
				"south": {"uv": [0, 0, 10.5, 1], "texture": "#0"},
				"down": {"uv": [4.5, 0, 15, 0.75], "texture": "#0", "rotation": 180}
			}},
		{
			"name": "Leg Decoration NS", "from": [2.75, 8, 14], "to": [13.25, 9, 14.75], "faces": {
				"north": {"uv": [4.5, 0, 15, 1], "texture": "#0"},
				"south": {"uv": [1, 0, 11.5, 1], "texture": "#0"},
				"down": {"uv": [1, 0, 11.5, 0.75], "texture": "#0"}
			}},
		{
			"name": "Leg Decoration NS", "from": [12.25, 5, 13.5], "to": [13.25, 9, 14.5], "faces": {
				"north": {"uv": [1, 1, 2, 5], "texture": "#0"},
				"east": {"uv": [1, 1, 2, 5], "texture": "#0"},
				"south": {"uv": [1, 1, 2, 5], "texture": "#0"},
				"west": {"uv": [1, 1, 2, 5], "texture": "#0"},
				"up": {"uv": [1, 1, 2, 5], "texture": "#0"},
				"down": {"uv": [5, 6, 6, 7], "texture": "#0"}
			}},
		{
			"name": "Leg Decoration NS", "from": [11, 6.25, 13.75], "to": [12.25, 9, 14.25], "faces": {
				"north": {"uv": [1, 1, 2.25, 3.75], "texture": "#0"},
				"south": {"uv": [1, 1, 2.25, 3.75], "texture": "#0"},
				"down": {"uv": [5, 2, 6.25, 2.5], "texture": "#0"}
			}},
		{
			"name": "Leg Decoration NS", "from": [10, 6, 13.5], "to": [11, 9, 14.5], "faces": {
				"north": {"uv": [6, 1, 7, 4], "texture": "#0"},
				"east": {"uv": [6, 1, 7, 4], "texture": "#0"},
				"south": {"uv": [6, 1, 7, 4], "texture": "#0"},
				"west": {"uv": [6, 1, 7, 4], "texture": "#0"},
				"up": {"uv": [6, 1, 7, 4], "texture": "#0"},
				"down": {"uv": [6, 8, 7, 9], "texture": "#0"}
			}},
		{
			"name": "Leg Decoration NS", "from": [7.5, 6.5, 13.5], "to": [8.5, 9, 14.5], "faces": {
				"north": {"uv": [7, 1, 8, 3.5], "texture": "#0"},
				"east": {"uv": [7, 1, 8, 3.5], "texture": "#0"},
				"south": {"uv": [7, 1, 8, 3.5], "texture": "#0"},
				"west": {"uv": [7, 1, 8, 3.5], "texture": "#0"},
				"up": {"uv": [7, 1, 8, 3.5], "texture": "#0"},
				"down": {"uv": [5, 9, 6, 10], "texture": "#0"}
			}},
		{
			"name": "Leg Decoration NS", "from": [6, 7, 13.75], "to": [10, 9, 14.25], "faces": {
				"north": {"uv": [6, 1, 10, 3], "texture": "#0"},
				"south": {"uv": [6.5, 1, 10.5, 3], "texture": "#0"},
				"down": {"uv": [4, 2, 8, 2.5], "texture": "#0"}
			}},
		{
			"name": "Leg Decoration NS", "from": [3.75, 6.25, 13.75], "to": [5, 9, 14.25], "faces": {
				"north": {"uv": [10, 1, 11.25, 3.75], "texture": "#0"},
				"south": {"uv": [10, 1, 11.25, 3.75], "texture": "#0"},
				"down": {"uv": [4, 2, 5.25, 2.5], "texture": "#0"}
			}},
		{
			"name": "Leg Decoration NS", "from": [5, 6, 13.5], "to": [6, 9, 14.5], "faces": {
				"north": {"uv": [11, 1, 12, 4], "texture": "#0"},
				"east": {"uv": [11, 1, 12, 4], "texture": "#0"},
				"south": {"uv": [11, 1, 12, 4], "texture": "#0"},
				"west": {"uv": [11, 1, 12, 4], "texture": "#0"},
				"up": {"uv": [11, 1, 12, 4], "texture": "#0"},
				"down": {"uv": [7, 6, 8, 7], "texture": "#0"}
			}},
		{
			"name": "Leg Decoration NS", "from": [2.75, 5, 13.5], "to": [3.75, 9, 14.5], "faces": {
				"north": {"uv": [14, 1, 15, 5], "texture": "#0"},
				"east": {"uv": [14, 1, 15, 5], "texture": "#0"},
				"south": {"uv": [14, 1, 15, 5], "texture": "#0"},
				"west": {"uv": [14, 1, 15, 5], "texture": "#0"},
				"up": {"uv": [14, 1, 15, 5], "texture": "#0"},
				"down": {"uv": [5, 6, 6, 7], "texture": "#0"}
			}},
		{
			"name": "Leg Decoration WE", "from": [13.5, 5, 12.25], "to": [14.5, 9, 13.25], "faces": {
				"north": {"uv": [1, 1, 2, 5], "texture": "#0"},
				"east": {"uv": [1, 1, 2, 5], "texture": "#0"},
				"west": {"uv": [4, 1, 5, 5], "texture": "#0"},
				"down": {"uv": [3, 2, 4, 3], "texture": "#0"}
			}},
		{
			"name": "Leg Decoration WE", "from": [13.5, 5, 2.75], "to": [14.5, 9, 3.75], "faces": {
				"east": {"uv": [13.5, 1, 14.5, 5], "texture": "#0"},
				"south": {"uv": [13.5, 1, 14.5, 5], "texture": "#0"},
				"west": {"uv": [13.5, 1, 14.5, 5], "texture": "#0"},
				"down": {"uv": [3, 1, 4, 2], "texture": "#0"}
			}},
		{
			"name": "Leg Decoration WE", "from": [13.5, 6, 5], "to": [14.5, 9, 6], "faces": {
				"north": {"uv": [6, 1, 7, 4], "texture": "#0"},
				"east": {"uv": [6, 1, 7, 4], "texture": "#0"},
				"south": {"uv": [6, 1, 7, 4], "texture": "#0"},
				"west": {"uv": [6, 1, 7, 4], "texture": "#0"},
				"down": {"uv": [9, 2, 10, 3], "texture": "#0"}
			}},
		{
			"name": "Leg Decoration WE", "from": [13.5, 6, 10], "to": [14.5, 9, 11], "faces": {
				"north": {"uv": [6, 1, 7, 4], "texture": "#0"},
				"east": {"uv": [6, 1, 7, 4], "texture": "#0"},
				"south": {"uv": [6, 1, 7, 4], "texture": "#0"},
				"west": {"uv": [6, 1, 7, 4], "texture": "#0"},
				"down": {"uv": [5, 2, 6, 3], "texture": "#0"}
			}},
		{
			"name": "Leg Decoration WE", "from": [13.5, 6.5, 7.5], "to": [14.5, 9, 8.5], "faces": {
				"north": {"uv": [7, 1, 8, 3.5], "texture": "#0"},
				"east": {"uv": [7, 1, 8, 3.5], "texture": "#0"},
				"south": {"uv": [7, 1, 8, 3.5], "texture": "#0"},
				"west": {"uv": [7, 1, 8, 3.5], "texture": "#0"},
				"down": {"uv": [7, 1, 8, 3.5], "texture": "#0"}
			}},
		{
			"name": "Leg Decoration WE", "from": [13.75, 7, 6], "to": [14.25, 9, 10], "faces": {
				"east": {"uv": [5.5, 1, 9.5, 3], "texture": "#0"},
				"west": {"uv": [5, 4, 9, 6], "texture": "#0"},
				"down": {"uv": [3, 3, 3.5, 7], "texture": "#0"}
			}},
		{
			"name": "Leg Decoration WE", "from": [13.75, 6.25, 11], "to": [14.25, 9, 12.25], "faces": {
				"east": {"uv": [10, 1, 11.25, 3.75], "texture": "#0"},
				"west": {"uv": [6.5, 5, 7.75, 7.75], "texture": "#0"},
				"down": {"uv": [4, 3, 5.25, 3.5], "texture": "#0"}
			}},
		{
			"name": "Leg Decoration WE", "from": [13.75, 6.25, 3.75], "to": [14.25, 9, 5], "faces": {
				"east": {"uv": [10, 1, 11.25, 3.75], "texture": "#0"},
				"west": {"uv": [6.5, 5, 7.75, 7.75], "texture": "#0"},
				"down": {"uv": [4, 3, 5.25, 3.5], "texture": "#0"}
			}},
		{
			"name": "Leg Decoration EW", "from": [14, 8, 2.75], "to": [14.75, 9, 13.25], "faces": {
				"east": {"uv": [1, 15, 11.5, 16], "texture": "#0"},
				"west": {"uv": [0, 0, 10.5, 1], "texture": "#0"},
				"down": {"uv": [15, 2, 15.75, 12.5], "texture": "#0"}
			}},
		{
			"name": "Leg Decoration WE", "from": [1.5, 5, 12.25], "to": [2.5, 9, 13.25], "faces": {
				"north": {"uv": [1, 1, 2, 5], "texture": "#0"},
				"east": {"uv": [1, 1, 2, 5], "texture": "#0"},
				"west": {"uv": [4, 1, 5, 5], "texture": "#0"},
				"down": {"uv": [3, 2, 4, 3], "texture": "#0"}
			}},
		{
			"name": "Leg Decoration WE", "from": [1.5, 5, 2.75], "to": [2.5, 9, 3.75], "faces": {
				"east": {"uv": [13.5, 1, 14.5, 5], "texture": "#0"},
				"south": {"uv": [13.5, 1, 14.5, 5], "texture": "#0"},
				"west": {"uv": [13.5, 1, 14.5, 5], "texture": "#0"},
				"down": {"uv": [3, 1, 4, 2], "texture": "#0"}
			}},
		{
			"name": "Leg Decoration WE", "from": [1.5, 6, 5], "to": [2.5, 9, 6], "faces": {
				"north": {"uv": [6, 1, 7, 4], "texture": "#0"},
				"east": {"uv": [6, 1, 7, 4], "texture": "#0"},
				"south": {"uv": [6, 1, 7, 4], "texture": "#0"},
				"west": {"uv": [6, 1, 7, 4], "texture": "#0"},
				"down": {"uv": [9, 2, 10, 3], "texture": "#0"}
			}},
		{
			"name": "Leg Decoration WE", "from": [1.5, 6, 10], "to": [2.5, 9, 11], "faces": {
				"north": {"uv": [6, 1, 7, 4], "texture": "#0"},
				"east": {"uv": [6, 1, 7, 4], "texture": "#0"},
				"south": {"uv": [6, 1, 7, 4], "texture": "#0"},
				"west": {"uv": [6, 1, 7, 4], "texture": "#0"},
				"down": {"uv": [5, 2, 6, 3], "texture": "#0"}
			}},
		{
			"name": "Leg Decoration WE", "from": [1.5, 6.5, 7.5], "to": [2.5, 9, 8.5], "faces": {
				"north": {"uv": [7, 1, 8, 3.5], "texture": "#0"},
				"east": {"uv": [7, 1, 8, 3.5], "texture": "#0"},
				"south": {"uv": [7, 1, 8, 3.5], "texture": "#0"},
				"west": {"uv": [7, 1, 8, 3.5], "texture": "#0"},
				"down": {"uv": [7, 1, 8, 3.5], "texture": "#0"}
			}},
		{
			"name": "Leg Decoration WE", "from": [1.75, 7, 6], "to": [2.25, 9, 10], "faces": {
				"east": {"uv": [5.5, 1, 9.5, 3], "texture": "#0"},
				"west": {"uv": [5, 4, 9, 6], "texture": "#0"},
				"down": {"uv": [3, 3, 3.5, 7], "texture": "#0"}
			}},
		{
			"name": "Leg Decoration WE", "from": [1.75, 6.25, 11], "to": [2.25, 9, 12.25], "faces": {
				"east": {"uv": [10, 1, 11.25, 3.75], "texture": "#0"},
				"west": {"uv": [6.5, 5, 7.75, 7.75], "texture": "#0"},
				"down": {"uv": [4, 3, 5.25, 3.5], "texture": "#0"}
			}},
		{
			"name": "Leg Decoration WE", "from": [1.75, 6.25, 3.75], "to": [2.25, 9, 5], "faces": {
				"east": {"uv": [10, 1, 11.25, 3.75], "texture": "#0"},
				"west": {"uv": [6.5, 5, 7.75, 7.75], "texture": "#0"},
				"down": {"uv": [4, 3, 5.25, 3.5], "texture": "#0"}
			}},
		{
			"name": "Leg Decoration EW", "from": [1.25, 8, 2.75], "to": [2, 9, 13.25], "faces": {
				"east": {"uv": [1, 15, 11.5, 16], "texture": "#0"},
				"west": {"uv": [0, 0, 10.5, 1], "texture": "#0"},
				"down": {"uv": [15, 2.5, 15.75, 13], "texture": "#0"}
			}},
		{
			"from": [3.25, 15, 13.25], "to": [12.75, 30, 15.25], "faces": {
				"north": {"uv": [3, 0, 13, 15], "texture": "#0"},
				"south": {"uv": [3, 0, 13, 15], "texture": "#0"},
				"down": {"uv": [5, 14, 15, 16], "texture": "#0"}
			}},
		{
			"name": "Seat Back Decoration", "from": [11, 10, 13.5], "to": [12, 14, 15], "faces": {
				"north": {"uv": [1, 1, 2, 5], "texture": "#0"},
				"east": {"uv": [1, 1, 2, 5], "texture": "#0"},
				"south": {"uv": [1, 1, 2, 5], "texture": "#0"},
				"west": {"uv": [1, 1, 2, 5], "texture": "#0"},
				"up": {"uv": [1, 1, 2, 5], "texture": "#0"},
				"down": {"uv": [3, 1, 4, 2], "texture": "#0"}
			}},
		{
			"name": "Seat Back Decoration", "from": [4, 10, 13.5], "to": [5, 14, 15], "faces": {
				"north": {"uv": [1, 1, 2, 5], "texture": "#0"},
				"east": {"uv": [1, 1, 2, 5], "texture": "#0"},
				"south": {"uv": [1, 1, 2, 5], "texture": "#0"},
				"west": {"uv": [1, 1, 2, 5], "texture": "#0"},
				"up": {"uv": [1, 1, 2, 5], "texture": "#0"},
				"down": {"uv": [3, 1, 4, 2], "texture": "#0"}
			}},
		{
			"name": "Legs", "from": [5.75, 13.5, 13], "to": [10.25, 15, 15.5], "faces": {
				"north": {"uv": [6.75, 0, 11.25, 1.5], "texture": "#0"},
				"east": {"uv": [4, 0, 6.5, 1.5], "texture": "#0"},
				"south": {"uv": [4, 0, 8.5, 1.5], "texture": "#0"},
				"west": {"uv": [11.5, 0, 14, 1.5], "texture": "#0"},
				"up": {"uv": [0, 0, 4.5, 2.5], "texture": "#0"},
				"down": {"uv": [0, 0, 4.5, 2.5], "texture": "#0"}
			}},
		{
			"name": "Legs", "from": [6, 12, 13.25], "to": [10, 13.5, 15.25], "faces": {
				"north": {"uv": [3.75, 2, 6.25, 3.5], "texture": "#0"},
				"east": {"uv": [1, 1, 3.5, 2.5], "texture": "#0"},
				"south": {"uv": [5, 4.5, 7.5, 6], "texture": "#0"},
				"west": {"uv": [5, 2, 7.5, 3.5], "texture": "#0"},
				"down": {"uv": [1, 1, 3.5, 3.5], "texture": "#0"}
			}},
		{
			"name": "Legs", "from": [6.25, 10, 13.5], "to": [9.75, 12, 15], "faces": {
				"north": {"uv": [3, 1, 6.75, 3], "texture": "#0"},
				"east": {"uv": [3, 1, 4.5, 3], "texture": "#0"},
				"south": {"uv": [3, 4, 6.75, 6], "texture": "#0"},
				"west": {"uv": [4.5, 3, 6, 5], "texture": "#0"},
				"up": {"uv": [0, 0, 3.75, 1.5], "texture": "#0"},
				"down": {"uv": [0, 0, 3.75, 1.5], "texture": "#0"}
			}},
		{
			"name": "Legs", "from": [13.25, 15, 13.25], "to": [15.25, 31, 15.25], "faces": {
				"north": {"uv": [5, 0, 7, 16], "texture": "#0"},
				"east": {"uv": [5, 0, 7, 16], "texture": "#0"},
				"south": {"uv": [5, 0, 7, 16], "texture": "#0"},
				"west": {"uv": [5, 0, 7, 16], "texture": "#0"},
				"up": {"uv": [0, 0, 2, 2], "texture": "#0"},
				"down": {"uv": [5, 0, 7, 16], "texture": "#0"}
			}},
		{
			"name": "Legs", "from": [0.75, 15, 13.25], "to": [2.75, 31, 15.25], "faces": {
				"north": {"uv": [8, 0, 10, 16], "texture": "#0"},
				"east": {"uv": [8, 0, 10, 16], "texture": "#0"},
				"south": {"uv": [8, 0, 10, 16], "texture": "#0"},
				"west": {"uv": [8, 0, 10, 16], "texture": "#0"},
				"up": {"uv": [0, 0, 2, 2], "texture": "#0"},
				"down": {"uv": [8, 0, 10, 16], "texture": "#0"}
			}},
		{
			"from": [3.25, 14, 13.25], "to": [12.75, 15, 15.25], "faces": {
				"north": {"uv": [3, 15, 12.5, 16], "texture": "#0"},
				"east": {"uv": [1, 0, 3, 16], "texture": "#0"},
				"south": {"uv": [3, 15, 12.5, 16], "texture": "#0"},
				"west": {"uv": [13, 0, 15, 16], "texture": "#0"},
				"up": {"uv": [0, 0, 10, 2], "texture": "#0"},
				"down": {"uv": [5, 14, 15, 16], "texture": "#0"}
			}},
		{
			"from": [12.25, 14, 13], "to": [12.75, 30, 15.5], "faces": {
				"north": {"uv": [0.5, 0, 1, 16], "texture": "#0"},
				"east": {"uv": [1, 0, 3.5, 16], "texture": "#0"},
				"south": {"uv": [15, 0, 15.5, 16], "texture": "#0"}
			}},
		{
			"from": [3.25, 14, 13], "to": [3.75, 30, 15.5], "faces": {
				"north": {"uv": [15, 0, 15.5, 16], "texture": "#0"},
				"south": {"uv": [0, 0, 0.5, 16], "texture": "#0"},
				"west": {"uv": [12.5, 0, 15, 16], "texture": "#0"}
			}},
		{
			"name": "Legs", "from": [5.75, 30.5, 13], "to": [10.25, 31.5, 15.5], "faces": {
				"north": {"uv": [5.75, 0, 10.25, 1], "texture": "#0"},
				"east": {"uv": [6.5, 0, 9, 1], "texture": "#0"},
				"south": {"uv": [5, 1, 9.5, 2], "texture": "#0"},
				"west": {"uv": [9, 0, 11.5, 1], "texture": "#0"},
				"up": {"uv": [7.75, 0, 12.25, 2.5], "texture": "#0"},
				"down": {"uv": [0, 0, 4.5, 2.5], "texture": "#0"}
			}},
		{
			"from": [2.75, 30, 13], "to": [13.25, 30.5, 15.5], "faces": {
				"north": {"uv": [2.75, 0, 13.25, 0.5], "texture": "#0"},
				"south": {"uv": [0, 0, 10.5, 0.5], "texture": "#0"},
				"up": {"uv": [0, 0, 10.5, 2.5], "texture": "#0"},
				"down": {"uv": [0, 0, 10.5, 2.5], "texture": "#0"}
			}},
		{
			"name": "Legs", "from": [10.25, 30.5, 13], "to": [11, 31, 15], "faces": {
				"north": {"uv": [5, 0, 6, 0.5], "texture": "#0"},
				"east": {"uv": [0, 0, 2, 0.5], "texture": "#0"},
				"south": {"uv": [3, 2, 4, 2.5], "texture": "#0"},
				"west": {"uv": [0, 0, 2, 0.5], "texture": "#0"},
				"up": {"uv": [8, 0, 9, 2], "texture": "#0"}
			}},
		{
			"name": "Legs", "from": [5, 30.5, 13], "to": [5.75, 31, 15], "faces": {
				"north": {"uv": [10, 0, 10.75, 0.5], "texture": "#0"},
				"east": {"uv": [0, 0, 2, 0.5], "texture": "#0"},
				"south": {"uv": [11, 3, 12, 3.5], "texture": "#0"},
				"west": {"uv": [0, 0, 2, 0.5], "texture": "#0"},
				"up": {"uv": [3, 0, 4, 2], "texture": "#0"}
			}},
		{
			"from": [1, 31, 13.5], "to": [2.5, 31.5, 15], "faces": {
				"north": {"uv": [0, 0, 1.5, 0.5], "texture": "#0"},
				"east": {"uv": [0, 0, 1.5, 0.5], "texture": "#0"},
				"south": {"uv": [0, 0, 1.5, 0.5], "texture": "#0"},
				"west": {"uv": [0, 0, 1.5, 0.5], "texture": "#0"},
				"up": {"uv": [0, 0, 1.5, 1.5], "texture": "#0"},
				"down": {"uv": [0, 0, 1.5, 1.5], "texture": "#0"}
			}},
		{
			"from": [1.25, 31.5, 13.75], "to": [2.25, 32, 14.75], "faces": {
				"north": {"uv": [0, 0, 1, 0.5], "texture": "#0"},
				"east": {"uv": [0, 0, 1, 0.5], "texture": "#0"},
				"south": {"uv": [0, 0, 1, 0.5], "texture": "#0"},
				"west": {"uv": [0, 0, 1, 0.5], "texture": "#0"},
				"up": {"uv": [0, 0, 1, 1], "texture": "#0"},
				"down": {"uv": [0, 0, 1, 1], "texture": "#0"}
			}},
		{
			"from": [13.75, 31.5, 13.75], "to": [14.75, 32, 14.75], "faces": {
				"north": {"uv": [0, 0, 1, 0.5], "texture": "#0"},
				"east": {"uv": [0, 0, 1, 0.5], "texture": "#0"},
				"south": {"uv": [0, 0, 1, 0.5], "texture": "#0"},
				"west": {"uv": [0, 0, 1, 0.5], "texture": "#0"},
				"up": {"uv": [0, 0, 1, 1], "texture": "#0"},
				"down": {"uv": [0, 0, 1, 1], "texture": "#0"}
			}},
		{
			"from": [13.5, 31, 13.5], "to": [15, 31.5, 15], "faces": {
				"north": {"uv": [0, 0, 1.5, 0.5], "texture": "#0"},
				"east": {"uv": [0, 0, 1.5, 0.5], "texture": "#0"},
				"south": {"uv": [0, 0, 1.5, 0.5], "texture": "#0"},
				"west": {"uv": [0, 0, 1.5, 0.5], "texture": "#0"},
				"up": {"uv": [0, 0, 1.5, 1.5], "texture": "#0"},
				"down": {"uv": [0, 0, 1.5, 1.5], "texture": "#0"}
			}},
		{
			"name": "Lapis", "from": [4.25, 29, 13], "to": [5.25, 30, 14], "faces": {
				"north": {"uv": [9, 4, 12, 7], "texture": "#1"},
				"east": {"uv": [9, 4, 12, 7], "texture": "#1"},
				"south": {"uv": [9, 4, 12, 7], "texture": "#1"},
				"west": {"uv": [9, 4, 12, 7], "texture": "#1"},
				"up": {"uv": [9, 4, 12, 7], "texture": "#1"},
				"down": {"uv": [9, 4, 12, 7], "texture": "#1"}
			}},
		{
			"name": "Lapis", "from": [10.75, 29, 13], "to": [11.75, 30, 14], "faces": {
				"north": {"uv": [6, 3, 9, 6], "texture": "#1"},
				"east": {"uv": [6, 3, 9, 6], "texture": "#1"},
				"south": {"uv": [6, 3, 9, 6], "texture": "#1"},
				"west": {"uv": [6, 3, 9, 6], "texture": "#1"},
				"up": {"uv": [6, 3, 9, 6], "texture": "#1"},
				"down": {"uv": [6, 3, 9, 6], "texture": "#1"}
			}},
		{
			"name": "Diamond", "from": [7, 29.25, 12.75], "to": [9, 31.25, 13.75], "faces": {
				"north": {"uv": [5, 5, 11, 11], "texture": "#2"},
				"east": {"uv": [4, 5, 5, 11], "texture": "#2"},
				"south": {"uv": [0, 0, 2, 2], "texture": "#2"},
				"west": {"uv": [11, 5, 13, 11], "texture": "#2"},
				"up": {"uv": [5, 4, 11, 5], "texture": "#2"},
				"down": {"uv": [5, 11, 11, 12], "texture": "#2"}
			}},
		{
			"name": "Lapis", "from": [1.25, 27, 13], "to": [2.25, 28, 14], "faces": {
				"north": {"uv": [9, 4, 12, 7], "texture": "#1"},
				"east": {"uv": [9, 4, 12, 7], "texture": "#1"},
				"south": {"uv": [9, 4, 12, 7], "texture": "#1"},
				"west": {"uv": [9, 4, 12, 7], "texture": "#1"},
				"up": {"uv": [9, 4, 12, 7], "texture": "#1"},
				"down": {"uv": [9, 4, 12, 7], "texture": "#1"}
			}},
		{
			"name": "Lapis", "from": [13.75, 27, 13], "to": [14.75, 28, 14], "faces": {
				"north": {"uv": [9, 4, 12, 7], "texture": "#1"},
				"east": {"uv": [9, 4, 12, 7], "texture": "#1"},
				"south": {"uv": [9, 4, 12, 7], "texture": "#1"},
				"west": {"uv": [9, 4, 12, 7], "texture": "#1"},
				"up": {"uv": [9, 4, 12, 7], "texture": "#1"},
				"down": {"uv": [9, 4, 12, 7], "texture": "#1"}
			}},
		{
			"name": "Lapis", "from": [13.75, 24, 13], "to": [14.75, 25, 14], "faces": {
				"north": {"uv": [6, 3, 9, 6], "texture": "#3"},
				"east": {"uv": [6, 3, 9, 6], "texture": "#3"},
				"south": {"uv": [6, 3, 9, 6], "texture": "#3"},
				"west": {"uv": [6, 3, 9, 6], "texture": "#3"},
				"up": {"uv": [6, 3, 9, 6], "texture": "#3"},
				"down": {"uv": [6, 3, 9, 6], "texture": "#3"}
			}},
		{
			"name": "Lapis", "from": [1.25, 21, 13], "to": [2.25, 22, 14], "faces": {
				"north": {"uv": [6, 3, 9, 6], "texture": "#1"},
				"east": {"uv": [6, 3, 9, 6], "texture": "#1"},
				"south": {"uv": [6, 3, 9, 6], "texture": "#1"},
				"west": {"uv": [6, 3, 9, 6], "texture": "#1"},
				"up": {"uv": [6, 3, 9, 6], "texture": "#1"},
				"down": {"uv": [6, 3, 9, 6], "texture": "#1"}
			}},
		{
			"name": "Lapis", "from": [1.25, 24, 13], "to": [2.25, 25, 14], "faces": {
				"north": {"uv": [6, 3, 9, 6], "texture": "#3"},
				"east": {"uv": [6, 3, 9, 6], "texture": "#3"},
				"south": {"uv": [6, 3, 9, 6], "texture": "#3"},
				"west": {"uv": [6, 3, 9, 6], "texture": "#3"},
				"up": {"uv": [6, 3, 9, 6], "texture": "#3"},
				"down": {"uv": [6, 3, 9, 6], "texture": "#3"}
			}},
		{
			"name": "Lapis", "from": [13.75, 21, 13], "to": [14.75, 22, 14], "faces": {
				"north": {"uv": [6, 3, 9, 6], "texture": "#1"},
				"east": {"uv": [6, 3, 9, 6], "texture": "#1"},
				"south": {"uv": [6, 3, 9, 6], "texture": "#1"},
				"west": {"uv": [6, 3, 9, 6], "texture": "#1"},
				"up": {"uv": [6, 3, 9, 6], "texture": "#1"},
				"down": {"uv": [6, 3, 9, 6], "texture": "#1"}
			}},
		{
			"name": "Lapis", "from": [13.75, 18, 13], "to": [14.75, 19, 14], "faces": {
				"north": {"uv": [3, 3, 6, 6], "texture": "#2"},
				"east": {"uv": [6, 3, 9, 6], "texture": "#2"},
				"south": {"uv": [6, 3, 9, 6], "texture": "#2"},
				"west": {"uv": [6, 3, 9, 6], "texture": "#2"},
				"up": {"uv": [3, 2, 6, 5], "texture": "#2"},
				"down": {"uv": [6, 3, 9, 6], "texture": "#2"}
			}},
		{
			"name": "Lapis", "from": [1.25, 18, 13], "to": [2.25, 19, 14], "faces": {
				"north": {"uv": [3, 3, 6, 6], "texture": "#2"},
				"east": {"uv": [6, 3, 9, 6], "texture": "#2"},
				"south": {"uv": [6, 3, 9, 6], "texture": "#2"},
				"west": {"uv": [6, 3, 9, 6], "texture": "#2"},
				"up": {"uv": [3, 2, 6, 5], "texture": "#2"},
				"down": {"uv": [6, 3, 9, 6], "texture": "#2"}
			}}
	],
	"display": {
		"thirdperson_righthand": {
			"rotation": [0, 0, 0], "translation": [0, 0, 0], "scale": [0.85, 0.85, 0.85]
		},
		"thirdperson_lefthand": {
			"rotation": [0, 0, 0], "translation": [0, 0, 0]
		},
		"firstperson_lefthand": {
			"rotation": [0, 0, 0], "translation": [0, 0, 0], "scale": [0.2, 0.2, 0.2]
		},
		"gui": {
			"rotation": [30, 35, 0], "translation": [0, -4, 0], "scale": [0.5, 0.5, 0.5]
		},
		"head": {
			"rotation": [0, 90, 0], "translation": [0, -48.5, 0], "scale": [2.3, 2.3, 2.3]
		},
		"fixed": {
			"rotation": [0, 0, 0], "translation": [0, -4, 0], "scale": [0.5, 0.5, 0.5]
		}
	}
}