{
		"textures": {"0": "block/oak_planks"
	},
	"elements": [{
			"name": "Seat", "from": [1, 8, 1], "to": [15, 10, 15], "rotation": {"angle": 0, "axis": "y", "origin": [8, 7, 8]}, "faces": {
				"north": {"uv": [1, 7, 15, 9], "texture": "#0"},
				"east": {"uv": [1, 7, 15, 9], "texture": "#0"},
				"south": {"uv": [1, 7, 15, 9], "texture": "#0"},
				"west": {"uv": [1, 7, 15, 9], "texture": "#0"},
				"up": {"uv": [1, 0, 15, 14], "texture": "#0"},
				"down": {"uv": [2, 3, 16, 17], "texture": "#0"}
			}},
		{
			"name": "Arm", "from": [13.5, 14, 3], "to": [15.5, 15, 13], "rotation": {"angle": 0, "axis": "y", "origin": [14.5, 14.5, 14]}, "faces": {
				"north": {"uv": [2, 4, 4, 5], "texture": "#0"},
				"east": {"uv": [1, 2, 2, 12], "rotation": 90, "texture": "#0"},
				"south": {"uv": [12, 4, 14, 5], "texture": "#0"},
				"west": {"uv": [4, 2, 5, 12], "rotation": 270, "texture": "#0"},
				"up": {"uv": [2, 2, 4, 12], "texture": "#0"},
				"down": {"uv": [2, 2, 4, 12], "rotation": 180, "texture": "#0"}
			}},
		{
			"name": "Arm", "from": [0.5, 14, 3], "to": [2.5, 15, 13], "rotation": {"angle": 0, "axis": "y", "origin": [1.5, 8.22727, 8]}, "faces": {
				"north": {"uv": [12, 4, 14, 5], "texture": "#0"},
				"east": {"uv": [4, 2, 5, 12], "rotation": 270, "texture": "#0"},
				"south": {"uv": [2, 4, 4, 5], "texture": "#0"},
				"west": {"uv": [1, 2, 2, 12], "rotation": 90, "texture": "#0"},
				"up": {"uv": [2, 2, 4, 12], "rotation": 180, "texture": "#0"},
				"down": {"uv": [2, 2, 4, 12], "texture": "#0"}
			}},
		{
			"name": "LegF", "from": [13.5, 2, 0.5], "to": [15.5, 14, 2.5], "rotation": {"angle": 0, "axis": "y", "origin": [9, 16.5, 7]}, "faces": {
				"north": {"uv": [0, 3, 2, 15], "texture": "#0"},
				"east": {"uv": [14, 3, 16, 15], "texture": "#0"},
				"south": {"uv": [12, 3, 14, 15], "texture": "#0"},
				"west": {"uv": [2, 3, 4, 15], "texture": "#0"}
			}},
		{
			"name": "LegF", "from": [13, 0, 0], "to": [16, 1, 3], "rotation": {"angle": 0, "axis": "y", "origin": [21, 8, 7]}, "faces": {
				"north": {"uv": [0, 15, 3, 16], "texture": "#0"},
				"east": {"uv": [13, 15, 16, 16], "texture": "#0"},
				"south": {"uv": [10, 15, 13, 16], "texture": "#0"},
				"west": {"uv": [3, 15, 6, 16], "texture": "#0"},
				"up": {"uv": [13, 8, 16, 11], "rotation": 180, "texture": "#0"},
				"down": {"uv": [0, 0, 3, 3], "texture": "#0"}
			}},
		{
			"name": "LegF", "from": [13, 14, 0], "to": [16, 15, 3], "rotation": {"angle": 0, "axis": "y", "origin": [21, 22, 7]}, "faces": {
				"north": {"uv": [0, 15, 3, 16], "texture": "#0"},
				"east": {"uv": [13, 15, 16, 16], "texture": "#0"},
				"south": {"uv": [10, 15, 13, 16], "texture": "#0"},
				"west": {"uv": [3, 15, 6, 16], "texture": "#0"},
				"up": {"uv": [13, 8, 16, 11], "rotation": 180, "texture": "#0"},
				"down": {"uv": [0, 0, 3, 3], "texture": "#0"}
			}},
		{
			"name": "LegF", "from": [13.25, 1, 0.25], "to": [15.75, 2, 2.75], "rotation": {"angle": 0, "axis": "y", "origin": [21, 9, 7]}, "faces": {
				"north": {"uv": [0.25, 14, 2.75, 15], "texture": "#0"},
				"east": {"uv": [8.25, 14, 10.75, 15], "texture": "#0"},
				"south": {"uv": [6.25, 14, 8.75, 15], "texture": "#0"},
				"west": {"uv": [3.25, 14, 5.75, 15], "texture": "#0"},
				"up": {"uv": [0.25, 0.25, 2.75, 2.75], "texture": "#0"}
			}},
		{
			"name": "LegF", "from": [13.25, 13, 0.25], "to": [15.75, 14, 2.75], "rotation": {"angle": 0, "axis": "y", "origin": [21, 21, 7]}, "faces": {
				"north": {"uv": [0.25, 2, 2.75, 3], "texture": "#0"},
				"east": {"uv": [13.25, 2, 15.75, 3], "texture": "#0"},
				"south": {"uv": [10.25, 2, 12.75, 3], "texture": "#0"},
				"west": {"uv": [3.25, 2, 5.75, 3], "texture": "#0"},
				"down": {"uv": [3.25, 4.25, 5.75, 6.75], "texture": "#0"}
			}},
		{
			"name": "LegB", "from": [13, 14, 13], "to": [16, 15, 16], "rotation": {"angle": 0, "axis": "y", "origin": [14.5, 7.6, 14.5]}, "faces": {
				"north": {"uv": [3, 15, 6, 16], "texture": "#0"},
				"east": {"uv": [0, 15, 3, 16], "texture": "#0"},
				"south": {"uv": [13, 15, 16, 16], "texture": "#0"},
				"west": {"uv": [10, 15, 13, 16], "texture": "#0"},
				"up": {"uv": [0, 8, 3, 11], "rotation": 270, "texture": "#0"},
				"down": {"uv": [0, 0, 3, 3], "rotation": 270, "texture": "#0"}
			}},
		{
			"name": "LegB", "from": [13.25, 13, 13.25], "to": [15.75, 14, 15.75], "rotation": {"angle": 0, "axis": "y", "origin": [14.5, 7.6, 14.5]}, "faces": {
				"north": {"uv": [3.25, 2, 5.75, 3], "texture": "#0"},
				"east": {"uv": [0.25, 2, 2.75, 3], "texture": "#0"},
				"south": {"uv": [13.25, 2, 15.75, 3], "texture": "#0"},
				"west": {"uv": [10.25, 2, 12.75, 3], "texture": "#0"},
				"down": {"uv": [3.25, 4.25, 5.75, 6.75], "rotation": 270, "texture": "#0"}
			}},
		{
			"name": "LegB", "from": [13.5, 2, 13.5], "to": [15.5, 14, 15.5], "rotation": {"angle": 0, "axis": "y", "origin": [14.5, 7.6, 14.5]}, "faces": {
				"north": {"uv": [2, 3, 4, 15], "texture": "#0"},
				"east": {"uv": [0, 3, 2, 15], "texture": "#0"},
				"south": {"uv": [14, 3, 16, 15], "texture": "#0"},
				"west": {"uv": [4, 3, 6, 15], "texture": "#0"}
			}},
		{
			"name": "LegB", "from": [13.25, 1, 13.25], "to": [15.75, 2, 15.75], "rotation": {"angle": 0, "axis": "y", "origin": [14.5, 7.6, 14.5]}, "faces": {
				"north": {"uv": [3.25, 14, 5.75, 15], "texture": "#0"},
				"east": {"uv": [0.25, 14, 2.75, 15], "texture": "#0"},
				"south": {"uv": [8.25, 14, 10.75, 15], "texture": "#0"},
				"west": {"uv": [6.25, 14, 8.75, 15], "texture": "#0"},
				"up": {"uv": [0.25, 0.25, 2.75, 2.75], "rotation": 90, "texture": "#0"}
			}},
		{
			"name": "LegB", "from": [13, 0, 13], "to": [16, 1, 16], "rotation": {"angle": 0, "axis": "y", "origin": [14.5, 7.6, 14.5]}, "faces": {
				"north": {"uv": [3, 15, 6, 16], "texture": "#0"},
				"east": {"uv": [0, 15, 3, 16], "texture": "#0"},
				"south": {"uv": [13, 15, 16, 16], "texture": "#0"},
				"west": {"uv": [10, 15, 13, 16], "texture": "#0"},
				"up": {"uv": [13, 8, 16, 11], "rotation": 270, "texture": "#0"},
				"down": {"uv": [0, 0, 3, 3], "rotation": 270, "texture": "#0"}
			}},
		{
			"name": "LegF", "from": [0, 14, 0], "to": [3, 15, 3], "rotation": {"angle": 0, "axis": "y", "origin": [1.5, 8.22727, 8]}, "faces": {
				"north": {"uv": [13, 15, 16, 16], "texture": "#0"},
				"east": {"uv": [10, 15, 13, 16], "texture": "#0"},
				"south": {"uv": [3, 15, 6, 16], "texture": "#0"},
				"west": {"uv": [0, 15, 3, 16], "texture": "#0"},
				"up": {"uv": [0, 8, 3, 11], "rotation": 90, "texture": "#0"},
				"down": {"uv": [0, 0, 3, 3], "rotation": 90, "texture": "#0"}
			}},
		{
			"name": "LegF", "from": [0.25, 13, 0.25], "to": [2.75, 14, 2.75], "rotation": {"angle": 0, "axis": "y", "origin": [1.5, 8.22727, 8]}, "faces": {
				"north": {"uv": [13.25, 2, 15.75, 3], "texture": "#0"},
				"east": {"uv": [10.25, 2, 12.75, 3], "texture": "#0"},
				"south": {"uv": [3.25, 2, 5.75, 3], "texture": "#0"},
				"west": {"uv": [0.25, 2, 2.75, 3], "texture": "#0"},
				"down": {"uv": [3.25, 4.25, 5.75, 6.75], "rotation": 90, "texture": "#0"}
			}},
		{
			"name": "LegF", "from": [0.5, 2, 1.5], "to": [2.5, 14, 2.5], "rotation": {"angle": 0, "axis": "y", "origin": [1.5, 8.22727, 8]}, "faces": {
				"north": {"uv": [14, 3, 16, 15], "texture": "#0"},
				"east": {"uv": [12, 3, 14, 15], "texture": "#0"},
				"south": {"uv": [2, 3, 4, 15], "texture": "#0"},
				"west": {"uv": [0, 3, 2, 15], "texture": "#0"}
			}},
		{
			"name": "LegF", "from": [0.25, 1, 0.25], "to": [2.75, 2, 2.75], "rotation": {"angle": 0, "axis": "y", "origin": [1.5, 8.22727, 8]}, "faces": {
				"north": {"uv": [8.25, 14, 10.75, 15], "texture": "#0"},
				"east": {"uv": [6.25, 14, 8.75, 15], "texture": "#0"},
				"south": {"uv": [3.25, 14, 5.75, 15], "texture": "#0"},
				"west": {"uv": [0.25, 14, 2.75, 15], "texture": "#0"},
				"up": {"uv": [0.25, 0.25, 2.75, 2.75], "rotation": 270, "texture": "#0"}
			}},
		{
			"name": "LegF", "from": [0, 0, 0], "to": [3, 1, 3], "rotation": {"angle": 0, "axis": "y", "origin": [1.5, 8.22727, 8]}, "faces": {
				"north": {"uv": [13, 15, 16, 16], "texture": "#0"},
				"east": {"uv": [10, 15, 13, 16], "texture": "#0"},
				"south": {"uv": [3, 15, 6, 16], "texture": "#0"},
				"west": {"uv": [0, 15, 3, 16], "texture": "#0"},
				"up": {"uv": [13, 8, 16, 11], "rotation": 90, "texture": "#0"},
				"down": {"uv": [0, 0, 3, 3], "rotation": 90, "texture": "#0"}
			}},
		{
			"name": "LegB", "from": [0.25, 13, 13.25], "to": [2.75, 14, 15.75], "rotation": {"angle": 0, "axis": "y", "origin": [1.5, 8.22727, 8]}, "faces": {
				"north": {"uv": [10.25, 2, 12.75, 3], "texture": "#0"},
				"east": {"uv": [3.25, 2, 5.75, 3], "texture": "#0"},
				"south": {"uv": [0.25, 2, 2.75, 3], "texture": "#0"},
				"west": {"uv": [13.25, 2, 15.75, 3], "texture": "#0"},
				"down": {"uv": [3.25, 4.25, 5.75, 6.75], "rotation": 180, "texture": "#0"}
			}},
		{
			"name": "LegB", "from": [0.5, 2, 13.5], "to": [2.5, 14, 15.5], "rotation": {"angle": 0, "axis": "y", "origin": [1.5, 8.22727, 8]}, "faces": {
				"north": {"uv": [12, 3, 14, 15], "texture": "#0"},
				"east": {"uv": [10, 3, 12, 15], "texture": "#0"},
				"south": {"uv": [0, 3, 2, 15], "texture": "#0"},
				"west": {"uv": [14, 3, 16, 15], "texture": "#0"}
			}},
		{
			"name": "LegB", "from": [0.25, 1, 13.25], "to": [2.75, 2, 15.75], "rotation": {"angle": 0, "axis": "y", "origin": [1.5, 8.22727, 8]}, "faces": {
				"north": {"uv": [6.25, 14, 8.75, 15], "texture": "#0"},
				"east": {"uv": [3.25, 14, 5.75, 15], "texture": "#0"},
				"south": {"uv": [0.25, 14, 2.75, 15], "texture": "#0"},
				"west": {"uv": [8.25, 14, 10.75, 15], "texture": "#0"},
				"up": {"uv": [0.25, 0.25, 2.75, 2.75], "rotation": 180, "texture": "#0"}
			}},
		{
			"name": "LegB", "from": [0, 0, 13], "to": [3, 1, 16], "rotation": {"angle": 0, "axis": "y", "origin": [1.5, 8.22727, 8]}, "faces": {
				"north": {"uv": [10, 15, 13, 16], "texture": "#0"},
				"east": {"uv": [3, 15, 6, 16], "texture": "#0"},
				"south": {"uv": [0, 15, 3, 16], "texture": "#0"},
				"west": {"uv": [13, 15, 16, 16], "texture": "#0"},
				"up": {"uv": [13, 8, 16, 11], "texture": "#0"},
				"down": {"uv": [0, 0, 3, 3], "rotation": 180, "texture": "#0"}
			}},
		{
			"name": "LegB", "from": [0, 14, 13], "to": [3, 15, 16], "rotation": {"angle": 0, "axis": "y", "origin": [1.5, 8.22727, 8]}, "faces": {
				"north": {"uv": [10, 15, 13, 16], "texture": "#0"},
				"east": {"uv": [3, 15, 6, 16], "texture": "#0"},
				"south": {"uv": [0, 15, 3, 16], "texture": "#0"},
				"west": {"uv": [13, 15, 16, 16], "texture": "#0"},
				"up": {"uv": [13, 8, 16, 11], "texture": "#0"},
				"down": {"uv": [0, 0, 3, 3], "rotation": 180, "texture": "#0"}
			}},
		{
			"name": "Back", "from": [0.5, 15, 13.5], "to": [2.5, 31, 15.5], "rotation": {"angle": 0, "axis": "y", "origin": [1.5, 20.6, 14.5]}, "faces": {
				"north": {"uv": [14, 0, 16, 16], "texture": "#0"},
				"east": {"uv": [12, 0, 14, 16], "texture": "#0"},
				"south": {"uv": [2, 0, 4, 16], "texture": "#0"},
				"west": {"uv": [0, 0, 2, 16], "texture": "#0"}
			}},
		{
			"name": "Back", "from": [7, 29, 13.5], "to": [9, 31, 15.5], "rotation": {"angle": 0, "axis": "y", "origin": [7.25, 27.6, 14.5]}, "faces": {
				"north": {"uv": [6, 0, 8, 2], "texture": "#0"},
				"east": {"uv": [4, 0, 6, 2], "texture": "#0"},
				"south": {"uv": [8, 0, 10, 2], "texture": "#0"},
				"west": {"uv": [8, 0, 10, 2], "texture": "#0"},
				"up": {"uv": [0, 0, 2, 2], "rotation": 90, "texture": "#0"}
			}},
		{
			"name": "Back", "from": [2.5, 15, 14], "to": [13.5, 28, 15], "rotation": {"angle": 0, "axis": "y", "origin": [12.5, 20.6, 14]}, "faces": {
				"north": {"uv": [2.5, 3, 13.5, 16], "texture": "#0"},
				"east": {"uv": [12, 0, 13, 13], "texture": "#0"},
				"south": {"uv": [2.5, 3, 13.5, 16], "texture": "#0"},
				"west": {"uv": [0, 0, 1, 13], "texture": "#0"}
			}},
		{
			"name": "Back", "from": [13.5, 15, 13.5], "to": [15.5, 31, 15.5], "rotation": {"angle": 0, "axis": "y", "origin": [14.5, 20.6, 14.5]}, "faces": {
				"north": {"uv": [0, 0, 2, 16], "texture": "#0"},
				"east": {"uv": [14, 0, 16, 16], "texture": "#0"},
				"south": {"uv": [12, 0, 14, 16], "texture": "#0"},
				"west": {"uv": [2, 0, 4, 16], "texture": "#0"}
			}},
		{
			"name": "Back", "from": [13.5, 31, 13.5], "to": [15.5, 32, 15.5], "rotation": {"angle": 0, "axis": "y", "origin": [14.5, 21.6, 14.5]}, "faces": {
				"north": {"uv": [0, 15, 2, 16], "texture": "#0"},
				"east": {"uv": [14, 15, 16, 16], "texture": "#0"},
				"south": {"uv": [12, 15, 14, 16], "texture": "#0"},
				"west": {"uv": [2, 15, 4, 16], "texture": "#0"},
				"up": {"uv": [0, 11, 2, 13], "rotation": 90, "texture": "#0"}
			}},
		{
			"name": "Back", "from": [12.5, 29, 13.5], "to": [13.5, 30, 15.5], "rotation": {"angle": 0, "axis": "y", "origin": [12.5, 19.6, 14.5]}, "faces": {
				"north": {"uv": [2, 1, 3, 2], "texture": "#0"},
				"south": {"uv": [13, 1, 14, 2], "texture": "#0"},
				"west": {"uv": [3, 1, 5, 2], "texture": "#0"},
				"up": {"uv": [2, 0, 4, 1], "rotation": 90, "texture": "#0"}
			}},
		{
			"name": "Back", "from": [2.5, 29, 13.5], "to": [3.5, 30, 15.5], "rotation": {"angle": 0, "axis": "y", "origin": [2.5, 19.6, 14.5]}, "faces": {
				"north": {"uv": [14, 1, 15, 2], "texture": "#0"},
				"east": {"uv": [9, 1, 11, 2], "texture": "#0"},
				"south": {"uv": [13, 1, 14, 2], "texture": "#0"},
				"up": {"uv": [6, 2, 8, 3], "rotation": 90, "texture": "#0"}
			}},
		{
			"name": "Back", "from": [0.5, 31, 13.5], "to": [2.5, 32, 15.5], "rotation": {"angle": 0, "axis": "y", "origin": [1.5, 31.5, 14.5]}, "faces": {
				"north": {"uv": [14, 15, 16, 16], "texture": "#0"},
				"east": {"uv": [10, 15, 12, 16], "texture": "#0"},
				"south": {"uv": [1, 15, 3, 16], "texture": "#0"},
				"west": {"uv": [0, 15, 2, 16], "texture": "#0"},
				"up": {"uv": [0, 11, 2, 13], "rotation": 180, "texture": "#0"}
			}},
		{
			"name": "Back Beam", "from": [3, 14, 13.5], "to": [13, 15, 15.5], "rotation": {"angle": 0, "axis": "y", "origin": [14, 14.5, 14.5]}, "faces": {
				"north": {"uv": [3, 3, 13, 4], "texture": "#0"},
				"east": {"uv": [12, 4, 14, 5], "texture": "#0"},
				"south": {"uv": [3, 3, 13, 4], "rotation": 180, "texture": "#0"},
				"west": {"uv": [2, 4, 4, 5], "texture": "#0"},
				"up": {"uv": [3, 1, 13, 3], "texture": "#0"},
				"down": {"uv": [3, 1, 13, 3], "texture": "#0"}
			}},
		{
			"name": "Back Beam", "from": [2.5, 28, 13.5], "to": [13.5, 29, 15.5], "rotation": {"angle": 0, "axis": "y", "origin": [14.5, 28.5, 14.5]}, "faces": {
				"north": {"uv": [2.5, 2, 13.5, 3], "texture": "#0"},
				"east": {"uv": [12, 4, 14, 5], "texture": "#0"},
				"south": {"uv": [3, 2, 14, 3], "texture": "#0"},
				"west": {"uv": [2, 4, 4, 5], "texture": "#0"},
				"up": {"uv": [3, 1, 14, 3], "texture": "#0"},
				"down": {"uv": [3, 1, 14, 3], "texture": "#0"}
			}}
	],
	"display": {
		"thirdperson_righthand": {
			"rotation": [45, 0, 0], "translation": [0, 1, 0], "scale": [0.35, 0.35, 0.35]
		},
		"thirdperson_lefthand": {
			"rotation": [45, 0, 0], "translation": [0, 1, 0], "scale": [0.35, 0.35, 0.35]
		},
		"firstperson_righthand": {
			"rotation": [-10, 15, 0], "translation": [1, 0, 0], "scale": [0.4, 0.4, 0.4]
		},
		"firstperson_lefthand": {
			"rotation": [-10, 15, 0], "translation": [1, 0, 0], "scale": [0.4, 0.4, 0.4]
		},
		"ground": {
			"translation": [0, 1, 0], "scale": [0.3, 0.3, 0.3]
		},
		"gui": {
			"rotation": [35, -135, 0], "translation": [0, -2.5, 0], "scale": [0.4, 0.4, 0.4]
		},
		"head": {
			"rotation": [0, 90, 0], "translation": [0, -46.15, 0], "scale": [2.2855, 2.2855, 2.2855]
		},
		"fixed": {
			"translation": [0, -3.5, -4.1], "scale": [0.8, 0.8, 0.8]
		}
	}
}