{
		"textures": {"0": "block/acacia_planks"
	},
	"elements": [{
			"name": "Leg",
			"from": [6, 7, 6],
			"to": [10, 13, 10],
			"rotation": {"angle": 0, "axis": "y", "origin": [7.5, 8.25, 8.5]},
			"faces": {
				"north": {"uv": [4, 3, 8, 9], "texture": "#0"},
				"east": {"uv": [0, 3, 4, 9], "texture": "#0"},
				"south": {"uv": [12, 3, 16, 9], "texture": "#0"},
				"west": {"uv": [8, 3, 12, 9], "texture": "#0"},
				"down": {"uv": [12, 8, 16, 12], "rotation": 270, "texture": "#0"}
			}},
		{
			"name": "Leg",
			"from": [6.5, 0, 6.5],
			"to": [9.5, 13, 9.5],
			"rotation": {"angle": 0, "axis": "y", "origin": [7.5, 8.25, 8.5]},
			"faces": {
				"north": {"uv": [4, 3, 7, 16], "texture": "#0"},
				"east": {"uv": [1, 3, 4, 16], "texture": "#0"},
				"south": {"uv": [12, 3, 15, 16], "texture": "#0"},
				"west": {"uv": [9, 3, 12, 16], "texture": "#0"},
				"down": {"uv": [11, 4, 14, 7], "rotation": 270, "texture": "#0"}
			}},
		{
			"name": "Beam",
			"from": [7, 12, 0],
			"to": [9, 13, 16],
			"rotation": {"angle": 0, "axis": "y", "origin": [2, 12.5, 8]},
			"faces": {
				"north": {"uv": [7, 3, 9, 4], "texture": "#0"},
				"east": {"uv": [0, 3, 16, 4], "texture": "#0"},
				"south": {"uv": [7, 3, 9, 4], "texture": "#0"},
				"west": {"uv": [0, 3, 16, 4], "texture": "#0"},
				"down": {"uv": [0, 4, 16, 6], "rotation": 270, "texture": "#0"}
			}},
		{
			"name": "Beam",
			"from": [0, 12, 7],
			"to": [16, 13, 9],
			"rotation": {"angle": 0, "axis": "y", "origin": [8, 11.25, 8]},
			"faces": {
				"north": {"uv": [0, 3, 16, 4], "texture": "#0"},
				"east": {"uv": [7, 3, 9, 4], "texture": "#0"},
				"south": {"uv": [0, 3, 16, 4], "texture": "#0"},
				"west": {"uv": [7, 3, 9, 4], "texture": "#0"},
				"down": {"uv": [0, 4, 16, 6], "rotation": 180, "texture": "#0"}
			}},
		{
			"name": "Beam",
			"from": [7, 9, 0],
			"to": [9, 11, 16],
			"rotation": {"angle": 0, "axis": "y", "origin": [8, 10, 8]},
			"faces": {
				"north": {"uv": [7, 5, 9, 7], "texture": "#0"},
				"east": {"uv": [0, 5, 16, 7], "texture": "#0"},
				"south": {"uv": [7, 5, 9, 7], "texture": "#0"},
				"west": {"uv": [0, 5, 16, 7], "texture": "#0"},
				"up": {"uv": [0, 4, 16, 6], "rotation": 90, "texture": "#0"},
				"down": {"uv": [0, 4, 16, 6], "rotation": 90, "texture": "#0"}
			}},
		{
			"name": "Beam",
			"from": [0, 9, 7],
			"to": [16, 11, 9],
			"rotation": {"angle": 0, "axis": "y", "origin": [8, 11.25, 8]},
			"faces": {
				"north": {"uv": [0, 5, 16, 7], "texture": "#0"},
				"east": {"uv": [7, 5, 9, 7], "texture": "#0"},
				"south": {"uv": [0, 5, 16, 7], "texture": "#0"},
				"west": {"uv": [7, 5, 9, 7], "texture": "#0"},
				"up": {"uv": [0, 4, 16, 6], "rotation": 180, "texture": "#0"},
				"down": {"uv": [0, 4, 16, 6], "texture": "#0"}
			}},
		{
			"name": "Beam",
			"from": [15, 11, 7],
			"to": [16, 12, 9],
			"rotation": {"angle": 0, "axis": "y", "origin": [15.5, 11.5, 8]},
			"faces": {
				"north": {"uv": [0, 5, 1, 6], "texture": "#0"},
				"east": {"uv": [7, 4, 9, 5], "texture": "#0"},
				"south": {"uv": [15, 5, 16, 6], "texture": "#0"},
				"west": {"uv": [7, 4, 9, 5], "rotation": 180, "texture": "#0"},
				"up": {"uv": [0, 4, 1, 6], "rotation": 180, "texture": "#0"},
				"down": {"uv": [0, 4, 1, 6], "texture": "#0"}
			}},
		{
			"name": "Beam",
			"from": [0, 11, 7],
			"to": [1, 12, 9],
			"rotation": {"angle": 0, "axis": "y", "origin": [0.5, 11.5, 8]},
			"faces": {
				"north": {"uv": [15, 5, 16, 6], "texture": "#0"},
				"east": {"uv": [7, 4, 9, 5], "rotation": 180, "texture": "#0"},
				"south": {"uv": [0, 5, 1, 6], "texture": "#0"},
				"west": {"uv": [7, 4, 9, 5], "texture": "#0"},
				"up": {"uv": [0, 4, 1, 6], "texture": "#0"},
				"down": {"uv": [0, 4, 1, 6], "rotation": 180, "texture": "#0"}
			}},
		{
			"name": "Beam",
			"from": [7, 11, 15],
			"to": [9, 12, 16],
			"rotation": {"angle": 0, "axis": "y", "origin": [8, 11.5, 8]},
			"faces": {
				"north": {"uv": [7, 4, 9, 5], "rotation": 180, "texture": "#0"},
				"east": {"uv": [0, 5, 1, 6], "texture": "#0"},
				"south": {"uv": [7, 4, 9, 5], "texture": "#0"},
				"west": {"uv": [15, 5, 16, 6], "texture": "#0"},
				"up": {"uv": [0, 4, 1, 6], "rotation": 270, "texture": "#0"},
				"down": {"uv": [0, 4, 1, 6], "rotation": 270, "texture": "#0"}
			}},
		{
			"name": "Beam",
			"from": [7, 11, 0],
			"to": [9, 12, 1],
			"rotation": {"angle": 0, "axis": "y", "origin": [8, 11.5, 8]},
			"faces": {
				"north": {"uv": [7, 4, 9, 5], "texture": "#0"},
				"east": {"uv": [15, 5, 16, 6], "texture": "#0"},
				"south": {"uv": [7, 4, 9, 5], "rotation": 180, "texture": "#0"},
				"west": {"uv": [0, 5, 1, 6], "texture": "#0"},
				"up": {"uv": [0, 4, 1, 6], "rotation": 90, "texture": "#0"},
				"down": {"uv": [0, 4, 1, 6], "rotation": 90, "texture": "#0"}
			}},
		{
			"from": [0, 13, 0],
			"to": [16, 16, 16],
			"rotation": {"angle": 0, "axis": "y", "origin": [8, 21, 8]},
			"faces": {
				"north": {"uv": [0, 0, 16, 3], "texture": "#0"},
				"east": {"uv": [0, 0, 16, 3], "texture": "#0"},
				"south": {"uv": [0, 0, 16, 3], "texture": "#0"},
				"west": {"uv": [0, 0, 16, 3], "texture": "#0"},
				"up": {"uv": [0, 0, 16, 16], "texture": "#0"},
				"down": {"uv": [0, 0, 16, 16], "texture": "#0"}
			}}
	],
	"display": {
		"thirdperson_righthand": {
			"rotation": [45, 0, 0],
			"translation": [0, 1, 0],
			"scale": [0.35, 0.35, 0.35]
		},
		"thirdperson_lefthand": {
			"rotation": [45, 0, 0],
			"translation": [0, 1, 0],
			"scale": [0.35, 0.35, 0.35]
		},
		"firstperson_righthand": {
			"rotation": [-10, 15, 0],
			"translation": [1, 0, 0],
			"scale": [0.4, 0.4, 0.4]
		},
		"firstperson_lefthand": {
			"rotation": [-10, 15, 0],
			"translation": [1, 0, 0],
			"scale": [0.4, 0.4, 0.4]
		},
		"ground": {
			"translation": [0, 1, 0],
			"scale": [0.3, 0.3, 0.3]
		},
		"gui": {
			"rotation": [35, -135, 0],
			"translation": [0, -1, 0],
			"scale": [0.5, 0.5, 0.5]
		},
		"head": {
			"translation": [0, -32.9, 0],
			"scale": [2.289, 2.289, 2.289]
		},
		"fixed": {
			"scale": [0.8, 0.8, 0.8]
		}
	}
}