{
		"textures": {"0": "block/oak_planks"
	},
	"elements": [{
			"name": "Seat", "from": [2, 8, 2], "to": [14, 10, 14], "rotation": {"angle": 0, "axis": "y", "origin": [8, 7, 8]}, "faces": {
				"north": {"uv": [3, 7, 15, 9], "texture": "#0"},
				"east": {"uv": [1, 2, 13, 4], "rotation": 180, "texture": "#0"},
				"south": {"uv": [2, 11, 14, 13], "texture": "#0"},
				"west": {"uv": [2, 3, 14, 5], "texture": "#0"},
				"up": {"uv": [2, 0, 14, 12], "texture": "#0"},
				"down": {"uv": [2, 3, 14, 15], "texture": "#0"}
			}},
		{
			"name": "Leg1N", "from": [12, 0, 2], "to": [14, 8, 4], "rotation": {"angle": 0, "axis": "y", "origin": [7.5, 14.5, 8.5]}, "faces": {
				"north": {"uv": [11, 6, 13, 14], "texture": "#0"},
				"east": {"uv": [10, 6, 12, 14], "texture": "#0"},
				"south": {"uv": [9, 6, 11, 14], "texture": "#0"},
				"west": {"uv": [13, 6, 15, 14], "texture": "#0"},
				"down": {"uv": [6, 3, 8, 5], "texture": "#0"}
			}},
		{
			"name": "Leg2N", "from": [2, 0, 2], "to": [4, 8, 4], "rotation": {"angle": 0, "axis": "y", "origin": [-2.5, 14.5, 8.5]}, "faces": {
				"north": {"uv": [9, 6, 11, 14], "texture": "#0"},
				"east": {"uv": [8, 6, 10, 14], "texture": "#0"},
				"south": {"uv": [2, 6, 4, 14], "texture": "#0"},
				"west": {"uv": [6, 6, 8, 14], "texture": "#0"},
				"down": {"uv": [7, 3, 9, 5], "texture": "#0"}
			}},
		{
			"name": "Leg3N", "from": [2, 0, 12], "to": [4, 8, 14], "rotation": {"angle": 0, "axis": "y", "origin": [-2.5, 14.5, 18.5]}, "faces": {
				"north": {"uv": [6, 6, 8, 14], "texture": "#0"},
				"east": {"uv": [10, 6, 12, 14], "texture": "#0"},
				"south": {"uv": [9, 6, 11, 14], "texture": "#0"},
				"west": {"uv": [7, 6, 9, 14], "texture": "#0"},
				"down": {"uv": [6, 3, 8, 5], "texture": "#0"}
			}},
		{
			"name": "Leg4N", "from": [12, 0, 12], "to": [14, 8, 14], "rotation": {"angle": 0, "axis": "y", "origin": [7.5, 14.5, 18.5]}, "faces": {
				"north": {"uv": [9, 6, 11, 14], "texture": "#0"},
				"east": {"uv": [10, 6, 12, 14], "texture": "#0"},
				"south": {"uv": [9, 6, 11, 14], "texture": "#0"},
				"west": {"uv": [10, 6, 12, 14], "texture": "#0"},
				"down": {"uv": [6, 3, 8, 5], "texture": "#0"}
			}},
		{
			"name": "Back1N", "from": [2, 10, 12], "to": [4, 22, 14], "rotation": {"angle": 0, "axis": "y", "origin": [-2.5, 25.5, 18.5]}, "faces": {
				"north": {"uv": [12, 3, 14, 15], "texture": "#0"},
				"east": {"uv": [10, 3, 12, 15], "texture": "#0"},
				"south": {"uv": [11, 3, 13, 15], "texture": "#0"},
				"west": {"uv": [13, 3, 15, 15], "texture": "#0"},
				"up": {"uv": [5, 7, 7, 9], "texture": "#0"}
			}},
		{
			"name": "Back2N", "from": [12, 10, 12], "to": [14, 22, 14], "rotation": {"angle": 0, "axis": "y", "origin": [7.5, 24.5, 18.5]}, "faces": {
				"north": {"uv": [4, 3, 6, 15], "texture": "#0"},
				"east": {"uv": [5, 3, 7, 15], "texture": "#0"},
				"south": {"uv": [3, 3, 5, 15], "texture": "#0"},
				"west": {"uv": [7, 3, 9, 15], "texture": "#0"},
				"up": {"uv": [4, 8, 6, 10], "texture": "#0"}
			}},
		{
			"name": "Back", "from": [4, 12, 12], "to": [12, 14, 14], "rotation": {"angle": 0, "axis": "y", "origin": [12, 20.5, 21]}, "faces": {
				"north": {"uv": [4, 3, 12, 5], "texture": "#0"},
				"south": {"uv": [6, 7, 14, 9], "texture": "#0"},
				"up": {"uv": [3, 6, 11, 8], "rotation": 180, "texture": "#0"},
				"down": {"uv": [7, 9, 15, 11], "texture": "#0"}
			}},
		{
			"name": "BackB0", "from": [4, 22, 12], "to": [12, 23, 14], "rotation": {"angle": 0, "axis": "y", "origin": [12, 29.5, 21]}, "faces": {
				"north": {"uv": [4, 2, 12, 3], "texture": "#0"},
				"east": {"uv": [9, 10, 11, 11], "texture": "#0"},
				"south": {"uv": [5, 10, 13, 11], "texture": "#0"},
				"west": {"uv": [5, 6, 7, 7], "texture": "#0"},
				"up": {"uv": [3, 12, 11, 14], "texture": "#0"},
				"down": {"uv": [5, 9, 13, 11], "texture": "#0"}
			}},
		{
			"name": "BackB1", "from": [4, 14, 12.5], "to": [12, 22, 13.5], "rotation": {"angle": 0, "axis": "y", "origin": [19, 20, 20.5]}, "faces": {
				"north": {"uv": [2, 3, 10, 11], "texture": "#0"},
				"south": {"uv": [3, 3, 11, 11], "texture": "#0"}
			}},
		{
			"name": "Arm1", "from": [2, 10, 4], "to": [3, 13, 5], "rotation": {"angle": 0, "axis": "y", "origin": [-2.5, 24.5, 9.5]}, "faces": {
				"north": {"uv": [6, 4, 7, 7], "texture": "#0"},
				"east": {"uv": [8, 4, 9, 7], "texture": "#0"},
				"south": {"uv": [3, 4, 4, 7], "texture": "#0"},
				"west": {"uv": [6, 4, 7, 7], "texture": "#0"},
				"down": {"uv": [7, 3, 8, 4], "texture": "#0"}
			}},
		{
			"name": "Arm2", "from": [2, 13, 3], "to": [4, 14, 12], "rotation": {"angle": 0, "axis": "y", "origin": [2.5, 13, 4.5]}, "faces": {
				"north": {"uv": [4, 3, 6, 4], "texture": "#0"},
				"east": {"uv": [5, 3, 6, 12], "rotation": 90, "texture": "#0"},
				"west": {"uv": [2, 3, 3, 12], "rotation": 90, "texture": "#0"},
				"up": {"uv": [0, 7, 2, 16], "texture": "#0"},
				"down": {"uv": [7, 3, 9, 12], "texture": "#0"}
			}},
		{
			"name": "Arm3", "from": [2, 14, 3], "to": [4, 15, 5], "rotation": {"angle": 0, "axis": "y", "origin": [2.5, 14, -2.5]}, "faces": {
				"north": {"uv": [5, 3, 7, 4], "texture": "#0"},
				"east": {"uv": [2, 3, 3, 5], "rotation": 90, "texture": "#0"},
				"south": {"uv": [3, 4, 5, 5], "texture": "#0"},
				"west": {"uv": [7, 6, 8, 8], "rotation": 90, "texture": "#0"},
				"up": {"uv": [0, 3, 2, 5], "texture": "#0"}
			}},
		{
			"name": "Arm1", "from": [13, 10, 4], "to": [14, 13, 5], "rotation": {"angle": 0, "axis": "y", "origin": [8.5, 24.5, 9.5]}, "faces": {
				"north": {"uv": [6, 4, 7, 7], "texture": "#0"},
				"east": {"uv": [8, 4, 9, 7], "texture": "#0"},
				"south": {"uv": [3, 4, 4, 7], "texture": "#0"},
				"west": {"uv": [6, 4, 7, 7], "texture": "#0"},
				"down": {"uv": [7, 3, 8, 4], "texture": "#0"}
			}},
		{
			"name": "Arm2", "from": [12, 13, 3], "to": [14, 14, 12], "rotation": {"angle": 0, "axis": "y", "origin": [12.5, 13, 4.5]}, "faces": {
				"north": {"uv": [6, 3, 8, 4], "texture": "#0"},
				"east": {"uv": [7, 3, 8, 12], "rotation": 90, "texture": "#0"},
				"west": {"uv": [14, 3, 15, 12], "rotation": 90, "texture": "#0"},
				"up": {"uv": [7, 7, 9, 16], "texture": "#0"},
				"down": {"uv": [9, 3, 11, 12], "texture": "#0"}
			}},
		{
			"name": "Arm3", "from": [12, 14, 3], "to": [14, 15, 5], "rotation": {"angle": 0, "axis": "y", "origin": [12.5, 14, -2.5]}, "faces": {
				"north": {"uv": [7, 3, 9, 4], "texture": "#0"},
				"east": {"uv": [2, 3, 3, 5], "rotation": 90, "texture": "#0"},
				"south": {"uv": [3, 5, 5, 6], "texture": "#0"},
				"west": {"uv": [7, 6, 8, 8], "rotation": 90, "texture": "#0"},
				"up": {"uv": [6, 3, 8, 5], "texture": "#0"}
			}},
		{
			"name": "Beam", "from": [3, 7, 4], "to": [4, 8, 12], "rotation": {"angle": 0, "axis": "y", "origin": [3.5, 7, 4.5]}, "faces": {
				"north": {"uv": [4, 3, 5, 4], "texture": "#0"},
				"east": {"uv": [5, 2, 6, 10], "rotation": 90, "texture": "#0"},
				"south": {"uv": [3, 4, 4, 5], "texture": "#0"},
				"west": {"uv": [2, 5, 3, 13], "rotation": 90, "texture": "#0"},
				"up": {"uv": [0, 6, 1, 14], "texture": "#0"},
				"down": {"uv": [7, 5, 8, 13], "texture": "#0"}
			}},
		{
			"name": "Beam", "from": [12, 7, 4], "to": [13, 8, 12], "rotation": {"angle": 0, "axis": "y", "origin": [12.5, 7, 4.5]}, "faces": {
				"north": {"uv": [4, 3, 5, 4], "texture": "#0"},
				"east": {"uv": [5, 2, 6, 10], "rotation": 90, "texture": "#0"},
				"south": {"uv": [3, 4, 4, 5], "texture": "#0"},
				"west": {"uv": [2, 5, 3, 13], "rotation": 90, "texture": "#0"},
				"up": {"uv": [0, 6, 1, 14], "texture": "#0"},
				"down": {"uv": [7, 5, 8, 13], "texture": "#0"}
			}},
		{
			"name": "Beam", "from": [4, 6, 2], "to": [12, 7, 3], "rotation": {"angle": 0, "axis": "y", "origin": [11.5, 6, 2.5]}, "faces": {
				"north": {"uv": [1, 11, 9, 12], "texture": "#0"},
				"east": {"uv": [4, 3, 5, 4], "texture": "#0"},
				"south": {"uv": [5, 3, 13, 4], "texture": "#0"},
				"west": {"uv": [3, 4, 4, 5], "texture": "#0"},
				"up": {"uv": [0, 7, 8, 8], "texture": "#0"},
				"down": {"uv": [7, 7, 15, 8], "texture": "#0"}
			}},
		{
			"name": "Beam", "from": [4, 6, 13], "to": [12, 7, 14], "rotation": {"angle": 0, "axis": "y", "origin": [11.5, 6, 13.5]}, "faces": {
				"north": {"uv": [4, 7, 12, 8], "texture": "#0"},
				"east": {"uv": [4, 3, 5, 4], "texture": "#0"},
				"south": {"uv": [2, 3, 10, 4], "texture": "#0"},
				"west": {"uv": [3, 4, 4, 5], "texture": "#0"},
				"up": {"uv": [3, 11, 11, 12], "texture": "#0"},
				"down": {"uv": [4, 7, 12, 8], "texture": "#0"}
			}}
	],
	"display": {
		"thirdperson_righthand": {
			"rotation": [45, 0, 0], "translation": [0, 1, 0], "scale": [0.35, 0.35, 0.35]
		},
		"thirdperson_lefthand": {
			"rotation": [45, 0, 0], "translation": [0, 1, 0], "scale": [0.35, 0.35, 0.35]
		},
		"firstperson_righthand": {
			"rotation": [-10, 15, 0], "translation": [1, 0, 0], "scale": [0.4, 0.4, 0.4]
		},
		"firstperson_lefthand": {
			"rotation": [-10, 15, 0], "translation": [1, 0, 0], "scale": [0.4, 0.4, 0.4]
		},
		"ground": {
			"translation": [0, 1, 0], "scale": [0.3, 0.3, 0.3]
		},
		"gui": {
			"rotation": [35, -135, 0], "translation": [0, -1.5, 0], "scale": [0.5, 0.5, 0.5]
		},
		"head": {
			"rotation": [0, 90, 0], "translation": [0, -46, 0], "scale": [2.3, 2.3, 2.3]
		},
		"fixed": {
			"translation": [0, -3.5, -4.1], "scale": [0.8, 0.8, 0.8]
		}
	}
}