{
		"textures": {"0": "block/jungle_planks",
		"1": "block/jungle_trapdoor",
		"particle": "block/jungle_trapdoor"
	},
	"elements": [{
			"name": "Surface1", "from": [13, 13, 3], "to": [16, 16, 13], "rotation": {"angle": 0, "axis": "y", "origin": [8, 9, 8]}, "faces": {
				"east": {"uv": [3, 0, 13, 3], "texture": "#0"},
				"west": {"uv": [3, 0, 13, 3], "texture": "#0"},
				"up": {"uv": [3, 0, 13, 3], "rotation": 90, "texture": "#0"},
				"down": {"uv": [3, 0, 13, 3], "rotation": 90, "texture": "#0"}
			}},
		{
			"name": "Surface2", "from": [0, 13, 3], "to": [3, 16, 13], "rotation": {"angle": 0, "axis": "y", "origin": [8, 9, 8]}, "faces": {
				"east": {"uv": [3, 0, 13, 3], "texture": "#0"},
				"west": {"uv": [3, 0, 13, 3], "texture": "#0"},
				"up": {"uv": [3, 12, 13, 15], "rotation": 90, "texture": "#0"},
				"down": {"uv": [3, 0, 13, 3], "rotation": 270, "texture": "#0"}
			}},
		{
			"name": "Surface2", "from": [0, 13, 13], "to": [16, 16, 16], "rotation": {"angle": 0, "axis": "y", "origin": [8, 9, 8]}, "faces": {
				"north": {"uv": [0, 0, 16, 3], "texture": "#0"},
				"east": {"uv": [0, 0, 3, 3], "texture": "#0"},
				"south": {"uv": [0, 0, 16, 3], "texture": "#0"},
				"west": {"uv": [13, 0, 16, 3], "texture": "#0"},
				"up": {"uv": [0, 12, 16, 15], "texture": "#0"},
				"down": {"uv": [0, 0, 16, 3], "rotation": 180, "texture": "#0"}
			}},
		{
			"name": "Surface3", "from": [0, 13, 0], "to": [16, 16, 3], "rotation": {"angle": 0, "axis": "y", "origin": [8, 9, 8]}, "faces": {
				"north": {"uv": [0, 0, 16, 3], "texture": "#0"},
				"east": {"uv": [13, 0, 16, 3], "texture": "#0"},
				"south": {"uv": [0, 0, 16, 3], "texture": "#0"},
				"west": {"uv": [0, 0, 3, 3], "texture": "#0"},
				"up": {"uv": [0, 0, 16, 3], "texture": "#0"},
				"down": {"uv": [0, 0, 16, 3], "texture": "#0"}
			}},
		{
			"name": "trapdoor", "from": [3, 13, 8], "to": [13, 16, 13], "rotation": {"angle": 0, "axis": "y", "origin": [8, 14.5, 10.5]}, "faces": {
				"up": {"uv": [3, 8, 13, 13], "texture": "#1"},
				"down": {"uv": [3, 8, 13, 13], "rotation": 180, "texture": "#1"}
			}},
		{
			"name": "trapdoor", "from": [3, 13, 3], "to": [13, 16, 8], "rotation": {"angle": 0, "axis": "y", "origin": [8, 14.5, 5.5]}, "faces": {
				"up": {"uv": [3, 8, 13, 13], "rotation": 180, "texture": "#1"},
				"down": {"uv": [3, 8, 13, 13], "texture": "#1"}
			}},
		{
			"name": "Leg", "from": [0, 11, 0], "to": [3, 13, 3], "rotation": {"angle": 0, "axis": "y", "origin": [9, 20, 9]}, "faces": {
				"north": {"uv": [13, 4, 16, 6], "texture": "#0"},
				"east": {"uv": [10, 4, 13, 6], "texture": "#0"},
				"south": {"uv": [3, 4, 6, 6], "texture": "#0"},
				"west": {"uv": [0, 4, 3, 6], "texture": "#0"},
				"down": {"uv": [0, 0, 3, 3], "texture": "#0"}
			}},
		{
			"name": "Leg", "from": [0.5, 0, 0.5], "to": [2.5, 13, 2.5], "rotation": {"angle": 0, "axis": "y", "origin": [8.5, 8, 8.5]}, "faces": {
				"north": {"uv": [10, 2, 12, 15], "texture": "#0"},
				"east": {"uv": [8, 2, 10, 15], "texture": "#0"},
				"south": {"uv": [14, 2, 16, 15], "texture": "#0"},
				"west": {"uv": [12, 2, 14, 15], "texture": "#0"},
				"down": {"uv": [7, 5, 9, 7], "texture": "#0"}
			}},
		{
			"name": "Peg", "from": [0, 1, 0], "to": [3, 2, 3], "rotation": {"angle": 0, "axis": "y", "origin": [9, 9, 9]}, "faces": {
				"north": {"uv": [5, 15, 8, 16], "texture": "#1"},
				"east": {"uv": [0, 0, 3, 1], "texture": "#1"},
				"south": {"uv": [0, 0, 3, 1], "texture": "#1"},
				"west": {"uv": [1, 15, 4, 16], "texture": "#1"},
				"up": {"uv": [15, 0, 16, 1], "texture": "#1"},
				"down": {"uv": [15, 0, 16, 1], "texture": "#1"}
			}},
		{
			"name": "Peg", "from": [0, 3, 0], "to": [3, 4, 3], "rotation": {"angle": 0, "axis": "y", "origin": [9, 11, 9]}, "faces": {
				"north": {"uv": [8, 0, 11, 1], "texture": "#1"},
				"east": {"uv": [6, 0, 9, 1], "texture": "#1"},
				"south": {"uv": [0, 0, 3, 1], "texture": "#1"},
				"west": {"uv": [2, 15, 5, 16], "texture": "#1"},
				"up": {"uv": [15, 0, 16, 1], "texture": "#1"},
				"down": {"uv": [15, 0, 16, 1], "texture": "#1"}
			}},
		{
			"name": "Peg", "from": [0, 7, 0], "to": [3, 8, 3], "rotation": {"angle": 0, "axis": "y", "origin": [9, 15, 9]}, "faces": {
				"north": {"uv": [6, 0, 9, 1], "texture": "#1"},
				"east": {"uv": [7, 0, 10, 1], "texture": "#1"},
				"south": {"uv": [0, 0, 3, 1], "texture": "#1"},
				"west": {"uv": [0, 0, 3, 1], "texture": "#1"},
				"up": {"uv": [15, 0, 16, 1], "texture": "#1"},
				"down": {"uv": [15, 0, 16, 1], "texture": "#1"}
			}},
		{
			"name": "Beam", "from": [1, 12, 3], "to": [3, 13, 16], "rotation": {"angle": 0, "axis": "y", "origin": [8, 12.5, 8]}, "faces": {
				"east": {"uv": [0, 5, 13, 6], "texture": "#0"},
				"south": {"uv": [1, 9, 3, 10], "texture": "#0"},
				"west": {"uv": [3, 9, 16, 10], "texture": "#0"},
				"up": {"uv": [3, 0, 13, 2], "rotation": 270, "texture": "#0"},
				"down": {"uv": [3, 0, 16, 2], "rotation": 270, "texture": "#0"}
			}},
		{
			"name": "Beam", "from": [3, 12, 1], "to": [16, 13, 3], "rotation": {"angle": 0, "axis": "y", "origin": [8, 12.5, 8]}, "faces": {
				"north": {"uv": [0, 9, 13, 10], "texture": "#0"},
				"east": {"uv": [2, 5, 4, 6], "texture": "#0"},
				"south": {"uv": [3, 5, 16, 6], "texture": "#0"},
				"down": {"uv": [0, 0, 13, 2], "rotation": 180, "texture": "#0"}
			}},
		{
			"name": "Peg", "from": [0, 10, 0], "to": [3, 11, 3], "rotation": {"angle": 0, "axis": "y", "origin": [8, 10.5, 8]}, "faces": {
				"north": {"uv": [13, 0, 16, 1], "texture": "#1"},
				"east": {"uv": [6, 0, 9, 1], "texture": "#1"},
				"south": {"uv": [0, 0, 3, 1], "texture": "#1"},
				"west": {"uv": [0, 0, 3, 1], "texture": "#1"},
				"down": {"uv": [15, 0, 16, 1], "rotation": 270, "texture": "#1"}
			}}
	],
	"display": {
		"thirdperson_righthand": {
			"rotation": [45, 0, 0], "translation": [0, 1, 0], "scale": [0.35, 0.35, 0.35]
		},
		"thirdperson_lefthand": {
			"rotation": [45, 0, 0], "translation": [0, 1, 0], "scale": [0.35, 0.35, 0.35]
		},
		"firstperson_righthand": {
			"rotation": [-10, 15, 0], "translation": [1, 0, 0], "scale": [0.4, 0.4, 0.4]
		},
		"firstperson_lefthand": {
			"rotation": [-10, 15, 0], "translation": [1, 0, 0], "scale": [0.4, 0.4, 0.4]
		},
		"ground": {
			"translation": [0, 1, 0], "scale": [0.3, 0.3, 0.3]
		},
		"gui": {
			"rotation": [35, -135, 0], "translation": [0, -2, 0], "scale": [0.5, 0.5, 0.5]
		},
		"head": {
			"translation": [0, -32.9, 0], "scale": [2.289, 2.289, 2.289]
		},
		"fixed": {
			"scale": [0.8, 0.8, 0.8]
		}
	}
}